,config_enc,benchmark,network_type,encoding,configuration,k,n_nodes,n_edges,n_vars,n_clauses,n_groups,n_Avars,utime_enc,max_res_set_size_enc,exit_status_enc,config_solve,timeout,memory_limit,utime_solve,stime,wtime,max_res_set_size_solve,exit_status_solve,signal,optimised_value,arjun_time,encoding_t/o,encoding_m/o,solving_m/o,solving_t/o,other_error
2,config-0,MadridAdj.txt,kaustav,,,1,54.0,226.0,123.0,717.0,54.0,15.0,4.0,48936,0,config-0,7200.0,4000000.0,0.01,0.0,0:00,1840.0,0.0,,36.0,0.01,False,False,False,False,False
52,config-0,MadridAdj.txt,kaustav,,,2,54.0,226.0,213.0,840.0,54.0,105.0,6.62,48940,0,config-0,7200.0,4000000.0,0.01,0.0,0:00,1936.0,0.0,,76.0,0.01,False,False,False,False,False
102,config-0,MadridAdj.txt,kaustav,,,3,54.0,226.0,230.0,907.0,54.0,122.0,7.72,48940,0,config-0,7200.0,4000000.0,0.02,0.02,0:00,1960.0,0.0,,94.0,0.02,False,False,False,False,False
152,config-0,MadridAdj.txt,kaustav,,,4,54.0,226.0,247.0,973.0,54.0,139.0,7.85,48936,0,config-0,7200.0,4000000.0,0.01,0.0,0:00,1948.0,0.0,,106.0,0.01,False,False,False,False,False
202,config-0,MadridAdj.txt,kaustav,,,6,54.0,226.0,320.0,1069.0,54.0,212.0,7.53,48936,0,config-0,7200.0,4000000.0,0.01,0.0,0:00,2028.0,0.0,,108.0,0.01,False,False,False,False,False
252,config-0,MadridAdj.txt,kaustav,,,8,54.0,226.0,352.0,1154.0,54.0,244.0,6.19,48940,0,config-0,7200.0,4000000.0,0.01,0.0,0:00,2040.0,0.0,,108.0,0.01,False,False,False,False,False
302,config-0,MadridAdj.txt,kaustav,,,10,54.0,226.0,392.0,1235.0,54.0,284.0,6.58,48940,0,config-0,7200.0,4000000.0,0.01,0.0,0:00,2024.0,0.0,,108.0,0.01,False,False,False,False,False
352,config-0,MadridAdj.txt,kaustav,,,12,54.0,226.0,418.0,1291.0,54.0,310.0,5.26,48936,0,config-0,7200.0,4000000.0,0.01,0.0,0:00,2036.0,0.0,,108.0,0.01,False,False,False,False,False
402,config-0,MadridAdj.txt,kaustav,,,16,54.0,226.0,486.0,1395.0,54.0,378.0,5.81,48940,0,config-0,7200.0,4000000.0,0.0,0.03,0:00,2136.0,0.0,,108.0,0.01,False,False,False,False,False
1,config-0,ParisAdj.txt,kaustav,,,1,10.0,14.0,23.0,72.0,10.0,3.0,1.14,48840,0,config-0,7200.0,4000000.0,0.0,0.0,0:00,1648.0,0.0,,12.0,0.00,False,False,False,False,False
51,config-0,ParisAdj.txt,kaustav,,,2,10.0,14.0,38.0,94.0,10.0,18.0,1.1,48852,0,config-0,7200.0,4000000.0,0.0,0.01,0:00,1656.0,0.0,,14.0,0.00,False,False,False,False,False
101,config-0,ParisAdj.txt,kaustav,,,3,10.0,14.0,48.0,101.0,10.0,28.0,1.21,48852,0,config-0,7200.0,4000000.0,0.0,0.01,0:00,1660.0,0.0,,18.0,0.00,False,False,False,False,False
151,config-0,ParisAdj.txt,kaustav,,,4,10.0,14.0,50.0,104.0,10.0,30.0,1.16,48848,0,config-0,7200.0,4000000.0,0.0,0.03,0:00,1660.0,0.0,,18.0,0.00,False,False,False,False,False
201,config-0,ParisAdj.txt,kaustav,,,6,10.0,14.0,48.0,98.0,10.0,28.0,1.23,48848,0,config-0,7200.0,4000000.0,0.0,0.02,0:00,1660.0,0.0,,20.0,0.00,False,False,False,False,False
251,config-0,ParisAdj.txt,kaustav,,,8,10.0,14.0,38.0,76.0,10.0,18.0,1.21,48848,0,config-0,7200.0,4000000.0,0.0,0.01,0:00,1656.0,0.0,,20.0,0.00,False,False,False,False,False
301,config-0,ParisAdj.txt,kaustav,,,10,10.0,14.0,20.0,48.0,10.0,0.0,1.04,48844,0,config-0,7200.0,4000000.0,0.0,0.01,0:00,1628.0,0.0,,20.0,0.00,False,False,False,False,False
351,config-0,ParisAdj.txt,kaustav,,,12,10.0,14.0,20.0,48.0,10.0,0.0,1.04,48844,0,config-0,7200.0,4000000.0,0.0,0.02,0:00,1628.0,0.0,,20.0,0.00,False,False,False,False,False
401,config-0,ParisAdj.txt,kaustav,,,16,10.0,14.0,20.0,48.0,10.0,0.0,1.08,48844,0,config-0,7200.0,4000000.0,0.0,0.03,0:00,1628.0,0.0,,20.0,0.00,False,False,False,False,False
0,config-0,PhilippineAdj.txt,kaustav,,,1,14.0,51.0,35.0,166.0,14.0,7.0,1.15,48864,0,config-0,7200.0,4000000.0,0.0,0.0,0:00,1656.0,0.0,,10.0,0.00,False,False,False,False,False
50,config-0,PhilippineAdj.txt,kaustav,,,2,14.0,51.0,54.0,197.0,14.0,26.0,1.19,48864,0,config-0,7200.0,4000000.0,0.0,0.0,0:00,1680.0,0.0,,24.0,0.00,False,False,False,False,False
100,config-0,PhilippineAdj.txt,kaustav,,,3,14.0,51.0,58.0,211.0,14.0,30.0,1.07,48864,0,config-0,7200.0,4000000.0,0.0,0.02,0:00,1684.0,0.0,,28.0,0.00,False,False,False,False,False
150,config-0,PhilippineAdj.txt,kaustav,,,4,14.0,51.0,62.0,224.0,14.0,34.0,1.11,48864,0,config-0,7200.0,4000000.0,0.0,0.0,0:00,1688.0,0.0,,28.0,0.00,False,False,False,False,False
200,config-0,PhilippineAdj.txt,kaustav,,,6,14.0,51.0,84.0,236.0,14.0,56.0,1.11,48860,0,config-0,7200.0,4000000.0,0.0,0.03,0:00,1708.0,0.0,,28.0,0.00,False,False,False,False,False
250,config-0,PhilippineAdj.txt,kaustav,,,8,14.0,51.0,82.0,230.0,14.0,54.0,1.1,48864,0,config-0,7200.0,4000000.0,0.0,0.01,0:00,1708.0,0.0,,28.0,0.00,False,False,False,False,False
300,config-0,PhilippineAdj.txt,kaustav,,,10,14.0,51.0,72.0,208.0,14.0,44.0,1.16,48868,0,config-0,7200.0,4000000.0,0.0,0.02,0:00,1696.0,0.0,,28.0,0.00,False,False,False,False,False
350,config-0,PhilippineAdj.txt,kaustav,,,12,14.0,51.0,54.0,170.0,14.0,26.0,1.26,48868,0,config-0,7200.0,4000000.0,0.0,0.01,0:00,1680.0,0.0,,28.0,0.00,False,False,False,False,False
400,config-0,PhilippineAdj.txt,kaustav,,,16,14.0,51.0,28.0,130.0,14.0,0.0,1.19,48864,0,config-0,7200.0,4000000.0,0.0,0.0,0:00,1652.0,0.0,,28.0,0.00,False,False,False,False,False
3,config-0,ZerkaniAdj.txt,kaustav,,,1,39.0,89.0,91.0,370.0,39.0,13.0,1.18,48884,0,config-0,7200.0,4000000.0,0.0,0.0,0:00,1748.0,0.0,,32.0,0.01,False,False,False,False,False
53,config-0,ZerkaniAdj.txt,kaustav,,,2,39.0,89.0,153.0,456.0,39.0,75.0,1.28,48884,0,config-0,7200.0,4000000.0,0.0,0.0,0:00,1808.0,0.0,,58.0,0.00,False,False,False,False,False
103,config-0,ZerkaniAdj.txt,kaustav,,,3,39.0,89.0,165.0,503.0,39.0,87.0,1.31,48888,0,config-0,7200.0,4000000.0,0.0,0.01,0:00,1816.0,0.0,,70.0,0.00,False,False,False,False,False
153,config-0,ZerkaniAdj.txt,kaustav,,,4,39.0,89.0,177.0,549.0,39.0,99.0,1.25,48888,0,config-0,7200.0,4000000.0,0.0,0.0,0:00,1824.0,0.0,,72.0,0.00,False,False,False,False,False
203,config-0,ZerkaniAdj.txt,kaustav,,,6,39.0,89.0,225.0,617.0,39.0,147.0,1.3,48880,0,config-0,7200.0,4000000.0,0.0,0.0,0:00,1876.0,0.0,,76.0,0.00,False,False,False,False,False
253,config-0,ZerkaniAdj.txt,kaustav,,,8,39.0,89.0,247.0,675.0,39.0,169.0,1.26,48884,0,config-0,7200.0,4000000.0,0.01,0.03,0:00,1884.0,0.0,,78.0,0.01,False,False,False,False,False
303,config-0,ZerkaniAdj.txt,kaustav,,,10,39.0,89.0,273.0,727.0,39.0,195.0,1.4,48888,0,config-0,7200.0,4000000.0,0.0,0.01,0:00,1900.0,0.0,,78.0,0.01,False,False,False,False,False
353,config-0,ZerkaniAdj.txt,kaustav,,,12,39.0,89.0,289.0,764.0,39.0,211.0,1.29,48880,0,config-0,7200.0,4000000.0,0.0,0.03,0:00,1908.0,0.0,,78.0,0.01,False,False,False,False,False
403,config-0,ZerkaniAdj.txt,kaustav,,,16,39.0,89.0,333.0,828.0,39.0,255.0,1.39,48884,0,config-0,7200.0,4000000.0,0.0,0.01,0:00,1964.0,0.0,,78.0,0.00,False,False,False,False,False
22,config-0,ca-CondMat.mtx,collaboration,,,1,21363.0,91286.0,43099.0,268752.0,21363.0,373.0,93.97,227552,0,config-0,7200.0,4000000.0,2753.69,0.31,45:54,85776.0,0.0,,18720.0,2753.65,False,False,False,False,False
72,config-0,ca-CondMat.mtx,collaboration,,,2,21363.0,91286.0,106809.0,353462.0,21363.0,64083.0,73.08,237084,0,config-0,7200.0,4000000.0,4434.09,7.29,1:14:09,252244.0,0.0,,31512.0,4434.02,False,False,False,False,False
122,config-0,ca-CondMat.mtx,collaboration,,,3,21363.0,91286.0,128166.0,396175.0,21363.0,85440.0,81.69,243072,0,config-0,7200.0,4000000.0,6288.56,1.2,1:44:50,341236.0,0.0,,36858.0,6288.52,False,False,False,False,False
172,config-0,ca-CondMat.mtx,collaboration,,,4,21363.0,91286.0,149521.0,438884.0,21363.0,106795.0,68.95,258460,0,config-0,7200.0,4000000.0,7193.57,3.96,2:00:00,327480.0,124.0,,-1.0,,False,False,False,True,False
222,config-0,ca-CondMat.mtx,collaboration,,,6,21363.0,91286.0,192225.0,524290.0,21363.0,149499.0,64.43,272224,0,config-0,7200.0,4000000.0,7191.22,5.66,2:00:00,286136.0,124.0,,-1.0,,False,False,False,True,False
272,config-0,ca-CondMat.mtx,collaboration,,,8,21363.0,91286.0,234921.0,609680.0,21363.0,192195.0,73.04,315636,0,config-0,7200.0,4000000.0,7165.41,13.52,2:00:00,309664.0,124.0,,-1.0,,False,False,False,True,False
322,config-0,ca-CondMat.mtx,collaboration,,,10,21363.0,91286.0,277609.0,695054.0,21363.0,234883.0,79.4,342452,0,config-0,7200.0,4000000.0,7192.4,5.82,2:00:00,360248.0,124.0,,-1.0,,False,False,False,True,False
372,config-0,ca-CondMat.mtx,collaboration,,,12,21363.0,91286.0,320289.0,780412.0,21363.0,277563.0,72.79,369252,0,config-0,7200.0,4000000.0,7192.94,4.04,2:00:00,374972.0,124.0,,-1.0,,False,False,False,True,False
422,config-0,ca-CondMat.mtx,collaboration,,,16,21363.0,91286.0,405625.0,951080.0,21363.0,362899.0,72.6,442484,0,config-0,7200.0,4000000.0,7198.56,0.63,2:00:00,460172.0,124.0,,-1.0,,False,False,False,True,False
25,config-0,ca-Erdos992.mtx,collaboration,,,1,6100.0,7515.0,12393.0,39888.0,6100.0,193.0,7.79,100920,0,config-0,7200.0,4000000.0,94.62,0.06,1:34,19340.0,0.0,,9476.0,94.61,False,False,False,False,False
75,config-0,ca-Erdos992.mtx,collaboration,,,2,6100.0,7515.0,30494.0,63816.0,6100.0,18294.0,8.64,108032,0,config-0,7200.0,4000000.0,363.73,0.21,6:03,153216.0,0.0,,11002.0,363.73,False,False,False,False,False
125,config-0,ca-Erdos992.mtx,collaboration,,,3,6100.0,7515.0,36588.0,76003.0,6100.0,24388.0,16.61,113504,0,config-0,7200.0,4000000.0,2748.15,1.23,45:52,216420.0,0.0,,11544.0,2748.14,False,False,False,False,False
175,config-0,ca-Erdos992.mtx,collaboration,,,4,6100.0,7515.0,42680.0,88186.0,6100.0,30480.0,8.69,113544,0,config-0,7200.0,4000000.0,1775.63,4.78,29:48,166332.0,0.0,,11540.0,1775.62,False,False,False,False,False
225,config-0,ca-Erdos992.mtx,collaboration,,,6,6100.0,7515.0,54858.0,112540.0,6100.0,42658.0,20.78,127340,0,config-0,7200.0,4000000.0,461.89,0.14,7:42,137660.0,0.0,,11530.0,461.88,False,False,False,False,False
275,config-0,ca-Erdos992.mtx,collaboration,,,8,6100.0,7515.0,67028.0,136878.0,6100.0,54828.0,23.7,132048,0,config-0,7200.0,4000000.0,296.84,0.47,4:58,117568.0,0.0,,11604.0,296.83,False,False,False,False,False
325,config-0,ca-Erdos992.mtx,collaboration,,,10,6100.0,7515.0,79190.0,161200.0,6100.0,66990.0,24.18,139328,0,config-0,7200.0,4000000.0,444.06,0.26,7:24,151676.0,0.0,,11696.0,444.05,False,False,False,False,False
375,config-0,ca-Erdos992.mtx,collaboration,,,12,6100.0,7515.0,91344.0,185506.0,6100.0,79144.0,26.54,147388,0,config-0,7200.0,4000000.0,399.91,0.11,6:40,130188.0,0.0,,11766.0,399.90,False,False,False,False,False
425,config-0,ca-Erdos992.mtx,collaboration,,,16,6100.0,7515.0,115628.0,234070.0,6100.0,103428.0,31.26,173460,0,config-0,7200.0,4000000.0,620.74,0.17,10:21,144132.0,0.0,,11920.0,620.72,False,False,False,False,False
23,config-0,ca-GrQc.mtx,collaboration,,,1,4158.0,13422.0,8478.0,43854.0,4158.0,162.0,15.93,105896,0,config-0,7200.0,4000000.0,30.7,0.04,0:30,15048.0,0.0,,4186.0,30.70,False,False,False,False,False
73,config-0,ca-GrQc.mtx,collaboration,,,2,4158.0,13422.0,16693.0,57350.0,4158.0,8377.0,17.61,108932,0,config-0,7200.0,4000000.0,57.69,0.11,0:58,22604.0,0.0,,6228.0,57.69,False,False,False,False,False
123,config-0,ca-GrQc.mtx,collaboration,,,3,4158.0,13422.0,18100.0,62911.0,4158.0,9784.0,15.61,109808,0,config-0,7200.0,4000000.0,62.72,0.04,1:02,26852.0,0.0,,7134.0,62.72,False,False,False,False,False
173,config-0,ca-GrQc.mtx,collaboration,,,4,4158.0,13422.0,19757.0,68469.0,4158.0,11441.0,25.23,107268,0,config-0,7200.0,4000000.0,79.75,0.09,1:19,40876.0,0.0,,7606.0,79.75,False,False,False,False,False
223,config-0,ca-GrQc.mtx,collaboration,,,6,4158.0,13422.0,25769.0,76775.0,4158.0,17453.0,28.51,111928,0,config-0,7200.0,4000000.0,199.31,0.11,3:19,85972.0,0.0,,8024.0,199.31,False,False,False,False,False
273,config-0,ca-GrQc.mtx,collaboration,,,8,4158.0,13422.0,28829.0,84437.0,4158.0,20513.0,28.14,113792,0,config-0,7200.0,4000000.0,256.4,0.5,4:17,97876.0,0.0,,8212.0,256.39,False,False,False,False,False
323,config-0,ca-GrQc.mtx,collaboration,,,10,4158.0,13422.0,32029.0,91775.0,4158.0,23713.0,30.71,115408,0,config-0,7200.0,4000000.0,174.45,0.15,2:54,63564.0,0.0,,8282.0,174.44,False,False,False,False,False
373,config-0,ca-GrQc.mtx,collaboration,,,12,4158.0,13422.0,34827.0,97262.0,4158.0,26511.0,28.33,117676,0,config-0,7200.0,4000000.0,178.85,0.14,2:59,71044.0,0.0,,8294.0,178.84,False,False,False,False,False
423,config-0,ca-GrQc.mtx,collaboration,,,16,4158.0,13422.0,41579.0,107904.0,4158.0,33263.0,29.05,119444,0,config-0,7200.0,4000000.0,135.12,0.08,2:15,66860.0,0.0,,8314.0,135.11,False,False,False,False,False
24,config-0,ca-citeseer.mtx,collaboration,,,1,227320.0,814134.0,455722.0,2539712.0,227320.0,1082.0,391.25,1579048,0,config-0,7200.0,4000000.0,7197.99,1.0,2:00:00,684852.0,124.0,,-1.0,,False,False,False,True,False
74,config-0,ca-citeseer.mtx,collaboration,,,2,227320.0,814134.0,909254.0,6629000.0,227320.0,454614.0,495.62,2595336,0,config-0,7200.0,4000000.0,7169.89,15.64,2:00:00,1640572.0,124.0,,-1.0,,False,False,False,True,False
124,config-0,ca-citeseer.mtx,collaboration,,,3,227320.0,814134.0,909254.0,6628999.0,227320.0,454614.0,464.54,2538052,0,config-0,7200.0,4000000.0,7198.59,0.74,2:00:00,2071128.0,124.0,,-1.0,,False,False,False,True,False
174,config-0,ca-citeseer.mtx,collaboration,,,4,227320.0,814134.0,909254.0,6629000.0,227320.0,454614.0,466.84,2595348,0,config-0,7200.0,4000000.0,7161.02,12.38,2:00:00,2776044.0,124.0,,-1.0,,False,False,False,True,False
224,config-0,ca-citeseer.mtx,collaboration,,,6,227320.0,814134.0,909254.0,6628999.0,227320.0,454614.0,901.17,2594748,0,config-0,7200.0,4000000.0,3809.14,1.5,1:03:34,2618424.0,139.0,,-1.0,,False,False,False,False,True
274,config-0,ca-citeseer.mtx,collaboration,,,8,227320.0,814134.0,909254.0,6629000.0,227320.0,454614.0,537.25,2595344,0,config-0,7200.0,4000000.0,2506.55,1.11,41:47,3281820.0,134.0,,-1.0,,False,False,False,False,True
324,config-0,ca-citeseer.mtx,collaboration,,,10,227320.0,814134.0,909254.0,6628999.0,227320.0,454614.0,473.46,2595304,0,config-0,7200.0,4000000.0,855.94,1.02,14:18,2588856.0,139.0,,-1.0,,False,False,False,False,True
374,config-0,ca-citeseer.mtx,collaboration,,,12,227320.0,814134.0,909254.0,6628999.0,227320.0,454614.0,466.67,2595332,0,config-0,7200.0,4000000.0,1853.46,1.58,30:59,2792580.0,139.0,,-1.0,,False,False,False,False,True
424,config-0,ca-citeseer.mtx,collaboration,,,16,227320.0,814134.0,909254.0,6629000.0,227320.0,454614.0,465.96,2595324,0,config-0,7200.0,4000000.0,3283.62,3.68,54:51,3166996.0,139.0,,-1.0,,False,False,False,False,True
26,config-0,ca-dblp-2010.mtx,collaboration,,,1,226413.0,716460.0,453906.0,2340732.0,226413.0,1080.0,273.3,1401384,0,config-0,7200.0,4000000.0,7198.97,0.47,2:00:00,678348.0,124.0,,-1.0,,False,False,False,True,False
76,config-0,ca-dblp-2010.mtx,collaboration,,,2,226413.0,716460.0,905630.0,6413712.0,226413.0,452804.0,709.6,2425696,0,config-0,7200.0,4000000.0,7197.56,2.06,2:00:00,1606420.0,124.0,,-1.0,,False,False,False,True,False
126,config-0,ca-dblp-2010.mtx,collaboration,,,3,226413.0,716460.0,905630.0,6413711.0,226413.0,452804.0,443.11,2431828,0,config-0,7200.0,4000000.0,7198.26,1.04,2:00:00,1596356.0,124.0,,-1.0,,False,False,False,True,False
176,config-0,ca-dblp-2010.mtx,collaboration,,,4,226413.0,716460.0,905630.0,6413712.0,226413.0,452804.0,409.96,2431836,0,config-0,7200.0,4000000.0,7190.04,6.39,2:00:00,2219660.0,124.0,,-1.0,,False,False,False,True,False
226,config-0,ca-dblp-2010.mtx,collaboration,,,6,226413.0,716460.0,905630.0,6413711.0,226413.0,452804.0,394.48,2425688,0,config-0,7200.0,4000000.0,7189.39,3.19,2:00:00,3291580.0,124.0,,-1.0,,False,False,False,True,False
276,config-0,ca-dblp-2010.mtx,collaboration,,,8,226413.0,716460.0,905630.0,6413712.0,226413.0,452804.0,388.68,2425688,0,config-0,7200.0,4000000.0,1838.31,1.58,30:40,3234756.0,139.0,,-1.0,,False,False,False,False,True
326,config-0,ca-dblp-2010.mtx,collaboration,,,10,226413.0,716460.0,905630.0,6413711.0,226413.0,452804.0,397.35,2431828,0,config-0,7200.0,4000000.0,1334.18,1.1,22:17,2623656.0,139.0,,-1.0,,False,False,False,False,True
376,config-0,ca-dblp-2010.mtx,collaboration,,,12,226413.0,716460.0,905630.0,6413711.0,226413.0,452804.0,383.79,2425696,0,config-0,7200.0,4000000.0,1949.95,1.13,32:31,2947572.0,139.0,,-1.0,,False,False,False,False,True
426,config-0,ca-dblp-2010.mtx,collaboration,,,16,226413.0,716460.0,905630.0,6413712.0,226413.0,452804.0,382.29,2425692,0,config-0,7200.0,4000000.0,2498.38,2.27,41:41,2995448.0,139.0,,-1.0,,False,False,False,False,True
28,config-0,ca-netscience.mtx,collaboration,,,1,379.0,914.0,815.0,3454.0,379.0,57.0,2.93,48828,0,config-0,7200.0,4000000.0,0.15,0.01,0:00,2832.0,0.0,,370.0,0.15,False,False,False,False,False
78,config-0,ca-netscience.mtx,collaboration,,,2,379.0,914.0,1517.0,4601.0,379.0,759.0,3.77,48828,0,config-0,7200.0,4000000.0,0.16,0.02,0:00,3340.0,0.0,,628.0,0.16,False,False,False,False,False
128,config-0,ca-netscience.mtx,collaboration,,,3,379.0,914.0,1644.0,5103.0,379.0,886.0,3.72,48828,0,config-0,7200.0,4000000.0,0.19,0.0,0:00,3464.0,0.0,,696.0,0.19,False,False,False,False,False
178,config-0,ca-netscience.mtx,collaboration,,,4,379.0,914.0,1782.0,5603.0,379.0,1024.0,2.5,48836,0,config-0,7200.0,4000000.0,0.21,0.03,0:00,3748.0,0.0,,728.0,0.21,False,False,False,False,False
228,config-0,ca-netscience.mtx,collaboration,,,6,379.0,914.0,2334.0,6350.0,379.0,1576.0,2.7,48836,0,config-0,7200.0,4000000.0,0.25,0.02,0:00,4060.0,0.0,,752.0,0.25,False,False,False,False,False
278,config-0,ca-netscience.mtx,collaboration,,,8,379.0,914.0,2596.0,7034.0,379.0,1838.0,3.49,48836,0,config-0,7200.0,4000000.0,0.26,0.02,0:00,4200.0,0.0,,756.0,0.26,False,False,False,False,False
328,config-0,ca-netscience.mtx,collaboration,,,10,379.0,914.0,2898.0,7691.0,379.0,2140.0,3.77,48840,0,config-0,7200.0,4000000.0,0.27,0.02,0:00,4412.0,0.0,,756.0,0.28,False,False,False,False,False
378,config-0,ca-netscience.mtx,collaboration,,,12,379.0,914.0,3173.0,8171.0,379.0,2415.0,3.51,48832,0,config-0,7200.0,4000000.0,0.29,0.02,0:00,4568.0,0.0,,756.0,0.29,False,False,False,False,False
428,config-0,ca-netscience.mtx,collaboration,,,16,379.0,914.0,3755.0,9090.0,379.0,2997.0,4.43,48832,0,config-0,7200.0,4000000.0,0.32,0.01,0:00,4968.0,0.0,,758.0,0.32,False,False,False,False,False
27,config-0,ca-sandi_auths.mtx,collaboration,,,1,86.0,124.0,198.0,657.0,86.0,26.0,4.68,84212,0,config-0,7200.0,4000000.0,0.01,0.0,0:00,1884.0,0.0,,88.0,0.01,False,False,False,False,False
77,config-0,ca-sandi_auths.mtx,collaboration,,,2,86.0,124.0,342.0,871.0,86.0,170.0,15.6,84256,0,config-0,7200.0,4000000.0,0.0,0.0,0:00,2008.0,0.0,,130.0,0.01,False,False,False,False,False
127,config-0,ca-sandi_auths.mtx,collaboration,,,3,86.0,124.0,370.0,981.0,86.0,198.0,14.56,84256,0,config-0,7200.0,4000000.0,0.01,0.0,0:00,2036.0,0.0,,154.0,0.02,False,False,False,False,False
177,config-0,ca-sandi_auths.mtx,collaboration,,,4,86.0,124.0,398.0,1090.0,86.0,226.0,14.53,84264,0,config-0,7200.0,4000000.0,0.02,0.03,0:00,2072.0,0.0,,160.0,0.01,False,False,False,False,False
227,config-0,ca-sandi_auths.mtx,collaboration,,,6,86.0,124.0,517.0,1251.0,86.0,345.0,14.68,84296,0,config-0,7200.0,4000000.0,0.01,0.02,0:00,2172.0,0.0,,164.0,0.01,False,False,False,False,False
277,config-0,ca-sandi_auths.mtx,collaboration,,,8,86.0,124.0,570.0,1394.0,86.0,398.0,13.72,84336,0,config-0,7200.0,4000000.0,0.01,0.01,0:00,2216.0,0.0,,170.0,0.02,False,False,False,False,False
327,config-0,ca-sandi_auths.mtx,collaboration,,,10,86.0,124.0,640.0,1531.0,86.0,468.0,4.98,84360,0,config-0,7200.0,4000000.0,0.02,0.0,0:00,2300.0,0.0,,172.0,0.02,False,False,False,False,False
377,config-0,ca-sandi_auths.mtx,collaboration,,,12,86.0,124.0,688.0,1630.0,86.0,516.0,4.71,84384,0,config-0,7200.0,4000000.0,0.01,0.0,0:00,2284.0,0.0,,172.0,0.01,False,False,False,False,False
427,config-0,ca-sandi_auths.mtx,collaboration,,,16,86.0,124.0,801.0,1808.0,86.0,629.0,4.91,84428,0,config-0,7200.0,4000000.0,0.01,0.01,0:00,2360.0,0.0,,172.0,0.02,False,False,False,False,False
5,config-0,inf-USAir97.mtx,infrastructure,,,1,332.0,2126.0,719.0,5686.0,332.0,55.0,11.78,83272,0,config-0,7200.0,4000000.0,0.22,0.01,0:00,3716.0,0.0,,264.0,0.22,False,False,False,False,False
55,config-0,inf-USAir97.mtx,infrastructure,,,2,332.0,2126.0,1329.0,6680.0,332.0,665.0,21.05,85464,0,config-0,7200.0,4000000.0,0.19,0.01,0:00,3564.0,0.0,,568.0,0.19,False,False,False,False,False
105,config-0,inf-USAir97.mtx,infrastructure,,,3,332.0,2126.0,1440.0,7119.0,332.0,776.0,23.68,83496,0,config-0,7200.0,4000000.0,0.21,0.01,0:00,3664.0,0.0,,618.0,0.22,False,False,False,False,False
155,config-0,inf-USAir97.mtx,infrastructure,,,4,332.0,2126.0,1563.0,7557.0,332.0,899.0,20.55,83556,0,config-0,7200.0,4000000.0,0.21,0.01,0:00,3768.0,0.0,,626.0,0.22,False,False,False,False,False
205,config-0,inf-USAir97.mtx,infrastructure,,,6,332.0,2126.0,2043.0,8209.0,332.0,1379.0,18.98,83652,0,config-0,7200.0,4000000.0,0.21,0.02,0:00,4024.0,0.0,,642.0,0.22,False,False,False,False,False
255,config-0,inf-USAir97.mtx,infrastructure,,,8,332.0,2126.0,2275.0,8807.0,332.0,1611.0,17.87,83748,0,config-0,7200.0,4000000.0,0.26,0.01,0:00,4248.0,0.0,,652.0,0.26,False,False,False,False,False
305,config-0,inf-USAir97.mtx,infrastructure,,,10,332.0,2126.0,2519.0,9383.0,332.0,1855.0,16.81,83832,0,config-0,7200.0,4000000.0,0.24,0.01,0:00,4368.0,0.0,,654.0,0.25,False,False,False,False,False
355,config-0,inf-USAir97.mtx,infrastructure,,,12,332.0,2126.0,2777.0,9800.0,332.0,2113.0,15.13,83896,0,config-0,7200.0,4000000.0,0.31,0.01,0:00,4696.0,0.0,,660.0,0.31,False,False,False,False,False
405,config-0,inf-USAir97.mtx,infrastructure,,,16,332.0,2126.0,3287.0,10600.0,332.0,2623.0,12.93,84060,0,config-0,7200.0,4000000.0,0.42,0.02,0:00,5600.0,0.0,,662.0,0.42,False,False,False,False,False
10,config-0,power-1138-bus.mtx,power,,,1,1138.0,2596.0,2368.0,7664.0,1138.0,92.0,2.5,83980,0,config-0,7200.0,4000000.0,1.5,0.02,0:01,4948.0,0.0,,1148.0,1.50,False,False,False,False,False
60,config-0,power-1138-bus.mtx,power,,,2,1138.0,2596.0,4563.0,11258.0,1138.0,2287.0,4.49,86648,0,config-0,7200.0,4000000.0,1.71,0.01,0:01,6536.0,0.0,,1558.0,1.71,False,False,False,False,False
110,config-0,power-1138-bus.mtx,power,,,3,1138.0,2596.0,4946.0,12775.0,1138.0,2670.0,4.4,87068,0,config-0,7200.0,4000000.0,2.08,0.02,0:02,6968.0,0.0,,1884.0,2.08,False,False,False,False,False
160,config-0,power-1138-bus.mtx,power,,,4,1138.0,2596.0,5389.0,14291.0,1138.0,3113.0,4.01,87052,0,config-0,7200.0,4000000.0,2.1,0.01,0:02,7460.0,0.0,,2074.0,2.10,False,False,False,False,False
210,config-0,power-1138-bus.mtx,power,,,6,1138.0,2596.0,7035.0,16555.0,1138.0,4759.0,3.8,87948,0,config-0,7200.0,4000000.0,2.61,0.03,0:02,8460.0,0.0,,2220.0,2.61,False,False,False,False,False
260,config-0,power-1138-bus.mtx,power,,,8,1138.0,2596.0,7859.0,18639.0,1138.0,5583.0,3.84,88836,0,config-0,7200.0,4000000.0,3.03,0.01,0:03,9268.0,0.0,,2264.0,3.04,False,False,False,False,False
310,config-0,power-1138-bus.mtx,power,,,10,1138.0,2596.0,8735.0,20645.0,1138.0,6459.0,4.2,89324,0,config-0,7200.0,4000000.0,3.71,0.01,0:03,9620.0,0.0,,2272.0,3.71,False,False,False,False,False
360,config-0,power-1138-bus.mtx,power,,,12,1138.0,2596.0,9595.0,22118.0,1138.0,7319.0,3.98,91056,0,config-0,7200.0,4000000.0,3.74,0.02,0:03,10124.0,0.0,,2276.0,3.74,False,False,False,False,False
410,config-0,power-1138-bus.mtx,power,,,16,1138.0,2596.0,11425.0,24948.0,1138.0,9149.0,4.18,91776,0,config-0,7200.0,4000000.0,3.95,0.02,0:03,11272.0,0.0,,2276.0,3.96,False,False,False,False,False
6,config-0,power-494-bus.mtx,power,,,1,494.0,1080.0,1053.0,3278.0,494.0,65.0,11.07,82860,0,config-0,7200.0,4000000.0,0.25,0.0,0:00,3076.0,0.0,,510.0,0.25,False,False,False,False,False
56,config-0,power-494-bus.mtx,power,,,2,494.0,1080.0,1981.0,4790.0,494.0,993.0,13.56,83116,0,config-0,7200.0,4000000.0,0.33,0.01,0:00,3824.0,0.0,,650.0,0.33,False,False,False,False,False
106,config-0,power-494-bus.mtx,power,,,3,494.0,1080.0,2148.0,5447.0,494.0,1160.0,13.56,83188,0,config-0,7200.0,4000000.0,0.37,0.03,0:00,3984.0,0.0,,824.0,0.37,False,False,False,False,False
156,config-0,power-494-bus.mtx,power,,,4,494.0,1080.0,2341.0,6101.0,494.0,1353.0,15.45,83296,0,config-0,7200.0,4000000.0,0.4,0.01,0:00,4248.0,0.0,,908.0,0.41,False,False,False,False,False
206,config-0,power-494-bus.mtx,power,,,6,494.0,1080.0,3033.0,7085.0,494.0,2045.0,10.94,83552,0,config-0,7200.0,4000000.0,0.49,0.01,0:00,4656.0,0.0,,968.0,0.49,False,False,False,False,False
256,config-0,power-494-bus.mtx,power,,,8,494.0,1080.0,3383.0,7971.0,494.0,2395.0,10.26,83800,0,config-0,7200.0,4000000.0,0.46,0.01,0:00,4816.0,0.0,,986.0,0.47,False,False,False,False,False
306,config-0,power-494-bus.mtx,power,,,10,494.0,1080.0,3783.0,8833.0,494.0,2795.0,10.1,83968,0,config-0,7200.0,4000000.0,0.49,0.0,0:00,5164.0,0.0,,988.0,0.50,False,False,False,False,False
356,config-0,power-494-bus.mtx,power,,,12,494.0,1080.0,4083.0,9478.0,494.0,3095.0,9.2,84124,0,config-0,7200.0,4000000.0,0.45,0.02,0:00,5344.0,0.0,,988.0,0.45,False,False,False,False,False
406,config-0,power-494-bus.mtx,power,,,16,494.0,1080.0,4889.0,10670.0,494.0,3901.0,11.43,86452,0,config-0,7200.0,4000000.0,0.55,0.01,0:00,5816.0,0.0,,988.0,0.55,False,False,False,False,False
9,config-0,power-685-bus.mtx,power,,,1,685.0,1967.0,1445.0,5460.0,685.0,75.0,11.91,83400,0,config-0,7200.0,4000000.0,0.57,0.01,0:00,3812.0,0.0,,548.0,0.57,False,False,False,False,False
59,config-0,power-685-bus.mtx,power,,,2,685.0,1967.0,2745.0,7583.0,685.0,1375.0,19.71,83724,0,config-0,7200.0,4000000.0,0.8,0.01,0:00,4936.0,0.0,,824.0,0.80,False,False,False,False,False
109,config-0,power-685-bus.mtx,power,,,3,685.0,1967.0,2976.0,8495.0,685.0,1606.0,22.37,83864,0,config-0,7200.0,4000000.0,0.96,0.01,0:00,5332.0,0.0,,1058.0,0.96,False,False,False,False,False
159,config-0,power-685-bus.mtx,power,,,4,685.0,1967.0,3232.0,9403.0,685.0,1862.0,22.47,84008,0,config-0,7200.0,4000000.0,0.98,0.01,0:01,5632.0,0.0,,1252.0,0.99,False,False,False,False,False
209,config-0,power-685-bus.mtx,power,,,6,685.0,1967.0,4212.0,10769.0,685.0,2842.0,17.53,84264,0,config-0,7200.0,4000000.0,1.07,0.01,0:01,6116.0,0.0,,1366.0,1.07,False,False,False,False,False
259,config-0,power-685-bus.mtx,power,,,8,685.0,1967.0,4689.0,12005.0,685.0,3319.0,19.22,84556,0,config-0,7200.0,4000000.0,1.02,0.04,0:01,6192.0,0.0,,1370.0,1.02,False,False,False,False,False
309,config-0,power-685-bus.mtx,power,,,10,685.0,1967.0,5259.0,13210.0,685.0,3889.0,16.39,84860,0,config-0,7200.0,4000000.0,0.95,0.02,0:01,6504.0,0.0,,1370.0,0.96,False,False,False,False,False
359,config-0,power-685-bus.mtx,power,,,12,685.0,1967.0,5688.0,14101.0,685.0,4318.0,17.27,86952,0,config-0,7200.0,4000000.0,0.95,0.03,0:01,6828.0,0.0,,1370.0,0.95,False,False,False,False,False
409,config-0,power-685-bus.mtx,power,,,16,685.0,1967.0,6786.0,15771.0,685.0,5416.0,20.19,85484,0,config-0,7200.0,4000000.0,1.15,0.01,0:01,7504.0,0.0,,1370.0,1.15,False,False,False,False,False
11,config-0,power-US-Grid.mtx,power,,,1,4941.0,6594.0,10057.0,33362.0,4941.0,175.0,10.01,100532,0,config-0,7200.0,4000000.0,52.77,0.07,0:53,15628.0,0.0,,4866.0,52.77,False,False,False,False,False
61,config-0,power-US-Grid.mtx,power,,,2,4941.0,6594.0,19812.0,49431.0,4941.0,9930.0,17.27,104152,0,config-0,7200.0,4000000.0,53.77,0.14,0:53,22988.0,0.0,,6452.0,53.76,False,False,False,False,False
111,config-0,power-US-Grid.mtx,power,,,3,4941.0,6594.0,21475.0,56031.0,4941.0,11593.0,17.97,104488,0,config-0,7200.0,4000000.0,65.25,0.05,1:05,24772.0,0.0,,8016.0,65.24,False,False,False,False,False
161,config-0,power-US-Grid.mtx,power,,,4,4941.0,6594.0,23390.0,62630.0,4941.0,13508.0,21.62,107856,0,config-0,7200.0,4000000.0,86.72,0.05,1:26,27444.0,0.0,,8974.0,86.72,False,False,False,False,False
211,config-0,power-US-Grid.mtx,power,,,6,4941.0,6594.0,30567.0,72500.0,4941.0,20685.0,19.88,110180,0,config-0,7200.0,4000000.0,98.32,0.23,1:38,34300.0,0.0,,9646.0,98.32,False,False,False,False,False
261,config-0,power-US-Grid.mtx,power,,,8,4941.0,6594.0,34143.0,81587.0,4941.0,24261.0,18.69,112040,0,config-0,7200.0,4000000.0,86.41,0.09,1:26,34700.0,0.0,,9820.0,86.40,False,False,False,False,False
311,config-0,power-US-Grid.mtx,power,,,10,4941.0,6594.0,37955.0,90378.0,4941.0,28073.0,17.23,114144,0,config-0,7200.0,4000000.0,91.7,0.28,1:32,38440.0,0.0,,9862.0,91.69,False,False,False,False,False
361,config-0,power-US-Grid.mtx,power,,,12,4941.0,6594.0,41378.0,96840.0,4941.0,31496.0,16.65,117324,0,config-0,7200.0,4000000.0,102.41,0.05,1:42,40736.0,0.0,,9874.0,102.41,False,False,False,False,False
411,config-0,power-US-Grid.mtx,power,,,16,4941.0,6594.0,49366.0,109451.0,4941.0,39484.0,29.3,123580,0,config-0,7200.0,4000000.0,102.46,0.05,1:42,44984.0,0.0,,9880.0,102.45,False,False,False,False,False
8,config-0,power-bcspwr09.mtx,power,,,1,1723.0,4117.0,3556.0,11920.0,1723.0,110.0,2.5,90852,0,config-0,7200.0,4000000.0,3.93,0.04,0:04,6584.0,0.0,,1850.0,3.93,False,False,False,False,False
58,config-0,power-bcspwr09.mtx,power,,,2,1723.0,4117.0,6894.0,17417.0,1723.0,3448.0,2.99,91604,0,config-0,7200.0,4000000.0,5.12,0.04,0:05,9108.0,0.0,,2288.0,5.12,False,False,False,False,False
108,config-0,power-bcspwr09.mtx,power,,,3,1723.0,4117.0,7469.0,19711.0,1723.0,4023.0,3.35,91920,0,config-0,7200.0,4000000.0,5.53,0.02,0:05,9928.0,0.0,,2770.0,5.53,False,False,False,False,False
158,config-0,power-bcspwr09.mtx,power,,,4,1723.0,4117.0,8168.0,22004.0,1723.0,4722.0,3.41,92240,0,config-0,7200.0,4000000.0,8.61,0.04,0:08,10920.0,0.0,,3106.0,8.61,False,False,False,False,False
208,config-0,power-bcspwr09.mtx,power,,,6,1723.0,4117.0,10623.0,25438.0,1723.0,7177.0,3.2,94740,0,config-0,7200.0,4000000.0,7.14,0.01,0:07,12484.0,0.0,,3362.0,7.14,False,False,False,False,False
258,config-0,power-bcspwr09.mtx,power,,,8,1723.0,4117.0,11895.0,28587.0,1723.0,8449.0,3.44,95168,0,config-0,7200.0,4000000.0,12.2,0.06,0:12,13680.0,0.0,,3428.0,12.20,False,False,False,False,False
308,config-0,power-bcspwr09.mtx,power,,,10,1723.0,4117.0,13259.0,31660.0,1723.0,9813.0,3.41,95592,0,config-0,7200.0,4000000.0,8.9,0.05,0:09,13828.0,0.0,,3438.0,8.90,False,False,False,False,False
358,config-0,power-bcspwr09.mtx,power,,,12,1723.0,4117.0,14312.0,33912.0,1723.0,10866.0,3.41,93860,0,config-0,7200.0,4000000.0,10.78,0.02,0:10,14492.0,0.0,,3444.0,10.78,False,False,False,False,False
408,config-0,power-bcspwr09.mtx,power,,,16,1723.0,4117.0,17264.0,38341.0,1723.0,13818.0,3.65,96556,0,config-0,7200.0,4000000.0,8.9,0.02,0:08,16412.0,0.0,,3446.0,8.90,False,False,False,False,False
7,config-0,power-eris1176.mtx,power,,,1,1176.0,9864.0,2445.0,22278.0,1176.0,93.0,5.63,90724,0,config-0,7200.0,4000000.0,1.64,0.02,0:01,6108.0,0.0,,1290.0,1.64,False,False,False,False,False
57,config-0,power-eris1176.mtx,power,,,2,1176.0,9864.0,4717.0,26000.0,1176.0,2365.0,7.8,91240,0,config-0,7200.0,4000000.0,1.93,0.03,0:02,7744.0,0.0,,1874.0,1.93,False,False,False,False,False
107,config-0,power-eris1176.mtx,power,,,3,1176.0,9864.0,5116.0,27571.0,1176.0,2764.0,7.96,91456,0,config-0,7200.0,4000000.0,2.01,0.03,0:02,8016.0,0.0,,2174.0,2.01,False,False,False,False,False
157,config-0,power-eris1176.mtx,power,,,4,1176.0,9864.0,5567.0,29133.0,1176.0,3215.0,8.53,91664,0,config-0,7200.0,4000000.0,2.11,0.01,0:02,8568.0,0.0,,2196.0,2.11,False,False,False,False,False
207,config-0,power-eris1176.mtx,power,,,6,1176.0,9864.0,7243.0,31489.0,1176.0,4891.0,7.8,91976,0,config-0,7200.0,4000000.0,3.19,0.04,0:03,9728.0,0.0,,2244.0,3.19,False,False,False,False,False
257,config-0,power-eris1176.mtx,power,,,8,1176.0,9864.0,8075.0,33619.0,1176.0,5723.0,7.91,92268,0,config-0,7200.0,4000000.0,3.32,0.01,0:03,10312.0,0.0,,2348.0,3.32,False,False,False,False,False
307,config-0,power-eris1176.mtx,power,,,10,1176.0,9864.0,9031.0,35699.0,1176.0,6679.0,8.2,92556,0,config-0,7200.0,4000000.0,3.21,0.01,0:03,11112.0,0.0,,2350.0,3.21,False,False,False,False,False
357,config-0,power-eris1176.mtx,power,,,12,1176.0,9864.0,9769.0,37244.0,1176.0,7417.0,7.82,92908,0,config-0,7200.0,4000000.0,4.26,0.01,0:04,12224.0,0.0,,2350.0,4.26,False,False,False,False,False
407,config-0,power-eris1176.mtx,power,,,16,1176.0,9864.0,11711.0,40136.0,1176.0,9359.0,7.94,95672,0,config-0,7200.0,4000000.0,4.41,0.02,0:04,12620.0,0.0,,2352.0,4.41,False,False,False,False,False
15,config-0,road-chesapeake.mtx,road,,,1,39.0,170.0,91.0,532.0,39.0,13.0,3.35,82176,0,config-0,7200.0,4000000.0,0.0,0.0,0:00,1772.0,0.0,,30.0,0.00,False,False,False,False,False
65,config-0,road-chesapeake.mtx,road,,,2,39.0,170.0,153.0,618.0,39.0,75.0,8.62,84224,0,config-0,7200.0,4000000.0,0.0,0.01,0:00,1828.0,0.0,,68.0,0.01,False,False,False,False,False
115,config-0,road-chesapeake.mtx,road,,,3,39.0,170.0,165.0,665.0,39.0,87.0,10.15,84208,0,config-0,7200.0,4000000.0,0.01,0.01,0:00,1836.0,0.0,,78.0,0.01,False,False,False,False,False
165,config-0,road-chesapeake.mtx,road,,,4,39.0,170.0,177.0,711.0,39.0,99.0,11.13,84216,0,config-0,7200.0,4000000.0,0.0,0.0,0:00,1832.0,0.0,,78.0,0.01,False,False,False,False,False
215,config-0,road-chesapeake.mtx,road,,,6,39.0,170.0,225.0,779.0,39.0,147.0,11.2,84228,0,config-0,7200.0,4000000.0,0.0,0.01,0:00,1908.0,0.0,,78.0,0.01,False,False,False,False,False
265,config-0,road-chesapeake.mtx,road,,,8,39.0,170.0,247.0,837.0,39.0,169.0,12.89,84228,0,config-0,7200.0,4000000.0,0.0,0.0,0:00,1900.0,0.0,,78.0,0.00,False,False,False,False,False
315,config-0,road-chesapeake.mtx,road,,,10,39.0,170.0,273.0,889.0,39.0,195.0,9.94,84264,0,config-0,7200.0,4000000.0,0.0,0.0,0:00,1904.0,0.0,,78.0,0.01,False,False,False,False,False
365,config-0,road-chesapeake.mtx,road,,,12,39.0,170.0,289.0,926.0,39.0,211.0,9.64,84256,0,config-0,7200.0,4000000.0,0.0,0.01,0:00,1912.0,0.0,,78.0,0.01,False,False,False,False,False
415,config-0,road-chesapeake.mtx,road,,,16,39.0,170.0,333.0,990.0,39.0,255.0,9.21,84268,0,config-0,7200.0,4000000.0,0.0,0.01,0:00,1984.0,0.0,,78.0,0.01,False,False,False,False,False
12,config-0,road-euroroad.edges,road,,,1,1174.0,1417.0,2441.0,7728.0,1174.0,93.0,6.01,51592,0,config-0,7200.0,4000000.0,1.57,0.02,0:02,5048.0,0.0,,1050.0,1.57,False,False,False,False,False
62,config-0,road-euroroad.edges,road,,,2,1174.0,1417.0,4709.0,11444.0,1174.0,2361.0,13.69,52164,0,config-0,7200.0,4000000.0,1.98,0.03,0:02,6812.0,0.0,,1380.0,1.98,False,False,False,False,False
112,config-0,road-euroroad.edges,road,,,3,1174.0,1417.0,5108.0,13013.0,1174.0,2760.0,11.39,54424,0,config-0,7200.0,4000000.0,2.33,0.01,0:02,7120.0,0.0,,1936.0,2.34,False,False,False,False,False
162,config-0,road-euroroad.edges,road,,,4,1174.0,1417.0,5557.0,14571.0,1174.0,3209.0,10.49,54676,0,config-0,7200.0,4000000.0,2.48,0.03,0:02,7660.0,0.0,,2166.0,2.48,False,False,False,False,False
212,config-0,road-euroroad.edges,road,,,6,1174.0,1417.0,7233.0,16923.0,1174.0,4885.0,9.19,55216,0,config-0,7200.0,4000000.0,3.62,0.01,0:03,8700.0,0.0,,2330.0,3.62,False,False,False,False,False
262,config-0,road-euroroad.edges,road,,,8,1174.0,1417.0,8063.0,19049.0,1174.0,5715.0,9.45,55736,0,config-0,7200.0,4000000.0,3.51,0.03,0:03,9360.0,0.0,,2346.0,3.51,False,False,False,False,False
312,config-0,road-euroroad.edges,road,,,10,1174.0,1417.0,9019.0,21125.0,1174.0,6671.0,10.51,56228,0,config-0,7200.0,4000000.0,2.94,0.01,0:02,9888.0,0.0,,2346.0,2.94,False,False,False,False,False
362,config-0,road-euroroad.edges,road,,,12,1174.0,1417.0,9747.0,22668.0,1174.0,7399.0,8.94,56604,0,config-0,7200.0,4000000.0,4.34,0.02,0:04,11268.0,0.0,,2348.0,4.34,False,False,False,False,False
412,config-0,road-euroroad.edges,road,,,16,1174.0,1417.0,11697.0,25556.0,1174.0,9349.0,11.71,57312,0,config-0,7200.0,4000000.0,3.77,0.04,0:04,11540.0,0.0,,2348.0,3.77,False,False,False,False,False
14,config-0,road-luxembourg-osm.mtx,road,,,1,114599.0,119666.0,229986.0,699296.0,114599.0,788.0,93.53,536620,0,config-0,7200.0,4000000.0,7189.08,1.6,2:00:00,336868.0,124.0,,-1.0,,False,False,False,True,False
64,config-0,road-luxembourg-osm.mtx,road,,,2,114599.0,119666.0,572989.0,1156110.0,114599.0,343791.0,170.86,620964,0,config-0,7200.0,4000000.0,7197.33,1.32,2:00:00,571456.0,124.0,,-1.0,,False,False,False,True,False
114,config-0,road-luxembourg-osm.mtx,road,,,3,114599.0,119666.0,687582.0,1385295.0,114599.0,458384.0,126.97,662884,0,config-0,7200.0,4000000.0,7195.53,0.78,2:00:00,657456.0,124.0,,-1.0,,False,False,False,True,False
164,config-0,road-luxembourg-osm.mtx,road,,,4,114599.0,119666.0,458370.0,2760214.0,114599.0,229172.0,167.56,1044112,0,config-0,7200.0,4000000.0,7199.66,0.81,2:00:00,1150992.0,124.0,,-1.0,,False,False,False,True,False
214,config-0,road-luxembourg-osm.mtx,road,,,6,114599.0,119666.0,458370.0,2760213.0,114599.0,229172.0,140.11,1044128,0,config-0,7200.0,4000000.0,7173.84,14.89,2:00:00,3010448.0,124.0,,-1.0,,False,False,False,True,False
264,config-0,road-luxembourg-osm.mtx,road,,,8,114599.0,119666.0,458370.0,2760214.0,114599.0,229172.0,123.4,1044132,0,config-0,7200.0,4000000.0,1483.5,1.33,24:48,2553580.0,139.0,,-1.0,,False,False,False,False,True
314,config-0,road-luxembourg-osm.mtx,road,,,10,114599.0,119666.0,458370.0,2760213.0,114599.0,229172.0,257.73,1042096,0,config-0,7200.0,4000000.0,3062.61,2.27,51:05,3179520.0,139.0,,-1.0,,False,False,False,False,True
364,config-0,road-luxembourg-osm.mtx,road,,,12,114599.0,119666.0,458370.0,2760213.0,114599.0,229172.0,164.95,1044116,0,config-0,7200.0,4000000.0,3729.05,4.39,1:02:21,2947820.0,139.0,,-1.0,,False,False,False,False,True
414,config-0,road-luxembourg-osm.mtx,road,,,16,114599.0,119666.0,458370.0,2760214.0,114599.0,229172.0,176.02,1044124,0,config-0,7200.0,4000000.0,3982.61,5.43,1:06:28,2967464.0,139.0,,-1.0,,False,False,False,False,True
16,config-0,road-minnesota.mtx,road,,,1,2642.0,3303.0,5417.0,17478.0,2642.0,133.0,10.45,91988,0,config-0,7200.0,4000000.0,9.57,0.06,0:10,9104.0,0.0,,2156.0,9.57,False,False,False,False,False
66,config-0,road-minnesota.mtx,road,,,2,2642.0,3303.0,10597.0,25988.0,2642.0,5313.0,19.9,93152,0,config-0,7200.0,4000000.0,11.95,0.04,0:12,13332.0,0.0,,2812.0,11.95,False,False,False,False,False
116,config-0,road-minnesota.mtx,road,,,3,2642.0,3303.0,11492.0,29521.0,2642.0,6208.0,23.29,93884,0,config-0,7200.0,4000000.0,15.25,0.05,0:15,14004.0,0.0,,4030.0,15.24,False,False,False,False,False
166,config-0,road-minnesota.mtx,road,,,4,2642.0,3303.0,12497.0,33039.0,2642.0,7213.0,23.41,94712,0,config-0,7200.0,4000000.0,16.65,0.04,0:17,15292.0,0.0,,4932.0,16.65,False,False,False,False,False
216,config-0,road-minnesota.mtx,road,,,6,2642.0,3303.0,16365.0,38325.0,2642.0,11081.0,20.77,98076,0,config-0,7200.0,4000000.0,20.64,0.02,0:20,17572.0,0.0,,5284.0,20.63,False,False,False,False,False
266,config-0,road-minnesota.mtx,road,,,8,2642.0,3303.0,18249.0,43179.0,2642.0,12965.0,19.16,99236,0,config-0,7200.0,4000000.0,23.0,0.03,0:23,18552.0,0.0,,5284.0,23.00,False,False,False,False,False
316,config-0,road-minnesota.mtx,road,,,10,2642.0,3303.0,20257.0,47857.0,2642.0,14973.0,24.06,100364,0,config-0,7200.0,4000000.0,18.58,0.05,0:18,20036.0,0.0,,5284.0,18.57,False,False,False,False,False
366,config-0,road-minnesota.mtx,road,,,12,2642.0,3303.0,22321.0,51284.0,2642.0,17037.0,20.38,101204,0,config-0,7200.0,4000000.0,24.85,0.04,0:24,21232.0,0.0,,5284.0,24.85,False,False,False,False,False
416,config-0,road-minnesota.mtx,road,,,16,2642.0,3303.0,26583.0,57922.0,2642.0,21299.0,18.29,103372,0,config-0,7200.0,4000000.0,16.49,0.02,0:16,25484.0,0.0,,5284.0,16.49,False,False,False,False,False
34,config-0,soc-dolphins.mtx,social,,,1,62.0,159.0,140.0,622.0,62.0,16.0,8.42,84220,0,config-0,7200.0,4000000.0,0.01,0.0,0:00,1828.0,0.0,,50.0,0.01,False,False,False,False,False
84,config-0,soc-dolphins.mtx,social,,,2,62.0,159.0,246.0,765.0,62.0,122.0,11.07,84240,0,config-0,7200.0,4000000.0,0.01,0.01,0:00,2000.0,0.0,,76.0,0.02,False,False,False,False,False
134,config-0,soc-dolphins.mtx,social,,,3,62.0,159.0,266.0,843.0,62.0,142.0,8.17,84252,0,config-0,7200.0,4000000.0,0.02,0.01,0:00,2088.0,0.0,,98.0,0.03,False,False,False,False,False
184,config-0,soc-dolphins.mtx,social,,,4,62.0,159.0,286.0,920.0,62.0,162.0,9.37,84268,0,config-0,7200.0,4000000.0,0.01,0.0,0:00,2064.0,0.0,,114.0,0.02,False,False,False,False,False
234,config-0,soc-dolphins.mtx,social,,,6,62.0,159.0,369.0,1033.0,62.0,245.0,13.56,84284,0,config-0,7200.0,4000000.0,0.01,0.0,0:00,2044.0,0.0,,124.0,0.01,False,False,False,False,False
284,config-0,soc-dolphins.mtx,social,,,8,62.0,159.0,406.0,1132.0,62.0,282.0,11.94,84300,0,config-0,7200.0,4000000.0,0.01,0.01,0:00,2036.0,0.0,,124.0,0.01,False,False,False,False,False
334,config-0,soc-dolphins.mtx,social,,,10,62.0,159.0,454.0,1226.0,62.0,330.0,11.99,84312,0,config-0,7200.0,4000000.0,0.01,0.03,0:00,2104.0,0.0,,124.0,0.01,False,False,False,False,False
384,config-0,soc-dolphins.mtx,social,,,12,62.0,159.0,486.0,1294.0,62.0,362.0,12.25,84320,0,config-0,7200.0,4000000.0,0.01,0.0,0:00,2132.0,0.0,,124.0,0.01,False,False,False,False,False
434,config-0,soc-dolphins.mtx,social,,,16,62.0,159.0,563.0,1412.0,62.0,439.0,13.14,84344,0,config-0,7200.0,4000000.0,0.01,0.0,0:00,2156.0,0.0,,124.0,0.01,False,False,False,False,False
4,config-0,soccer_ball.txt,geometric,,,1,32.0,90.0,79.0,334.0,32.0,15.0,4.59,48880,0,config-0,7200.0,4000000.0,0.0,0.0,0:00,1732.0,0.0,,20.0,0.01,False,False,False,False,False
54,config-0,soccer_ball.txt,geometric,,,2,32.0,90.0,126.0,407.0,32.0,62.0,3.58,48880,0,config-0,7200.0,4000000.0,0.01,0.0,0:00,1872.0,0.0,,26.0,0.01,False,False,False,False,False
104,config-0,soccer_ball.txt,geometric,,,3,32.0,90.0,136.0,445.0,32.0,72.0,4.47,48876,0,config-0,7200.0,4000000.0,0.0,0.0,0:00,1780.0,0.0,,64.0,0.01,False,False,False,False,False
154,config-0,soccer_ball.txt,geometric,,,4,32.0,90.0,146.0,482.0,32.0,82.0,5.05,48876,0,config-0,7200.0,4000000.0,0.0,0.01,0:00,1796.0,0.0,,64.0,0.01,False,False,False,False,False
204,config-0,soccer_ball.txt,geometric,,,6,32.0,90.0,184.0,535.0,32.0,120.0,5.39,48876,0,config-0,7200.0,4000000.0,0.0,0.03,0:00,1812.0,0.0,,64.0,0.00,False,False,False,False,False
254,config-0,soccer_ball.txt,geometric,,,8,32.0,90.0,201.0,579.0,32.0,137.0,4.01,48884,0,config-0,7200.0,4000000.0,0.0,0.01,0:00,1824.0,0.0,,64.0,0.01,False,False,False,False,False
304,config-0,soccer_ball.txt,geometric,,,10,32.0,90.0,223.0,619.0,32.0,159.0,4.69,48880,0,config-0,7200.0,4000000.0,0.0,0.01,0:00,1844.0,0.0,,64.0,0.00,False,False,False,False,False
354,config-0,soccer_ball.txt,geometric,,,12,32.0,90.0,239.0,647.0,32.0,175.0,6.3,48888,0,config-0,7200.0,4000000.0,0.0,0.0,0:00,1872.0,0.0,,64.0,0.01,False,False,False,False,False
404,config-0,soccer_ball.txt,geometric,,,16,32.0,90.0,267.0,696.0,32.0,203.0,4.66,48880,0,config-0,7200.0,4000000.0,0.0,0.0,0:00,1884.0,0.0,,64.0,0.00,False,False,False,False,False
45,config-0,socfb-Amherst41.mtx,social,,,1,2235.0,90954.0,4593.0,191122.0,2235.0,123.0,30.43,182208,0,config-0,7200.0,4000000.0,818.42,1.26,13:40,275072.0,0.0,,458.0,818.42,False,False,False,False,False
95,config-0,socfb-Amherst41.mtx,social,,,2,2235.0,90954.0,8964.0,198308.0,2235.0,4494.0,35.19,183200,0,config-0,7200.0,4000000.0,7162.73,19.81,2:00:00,257820.0,124.0,,-1.0,,False,False,False,True,False
145,config-0,socfb-Amherst41.mtx,social,,,3,2235.0,90954.0,9726.0,201301.0,2235.0,5256.0,33.77,183624,0,config-0,7200.0,4000000.0,7181.78,14.3,2:00:00,286880.0,124.0,,-1.0,,False,False,False,True,False
195,config-0,socfb-Amherst41.mtx,social,,,4,2235.0,90954.0,10585.0,204266.0,2235.0,6115.0,33.66,184028,0,config-0,7200.0,4000000.0,7181.55,15.66,2:00:00,282660.0,124.0,,-1.0,,False,False,False,True,False
245,config-0,socfb-Amherst41.mtx,social,,,6,2235.0,90954.0,13847.0,208761.0,2235.0,9377.0,33.56,184636,0,config-0,7200.0,4000000.0,6269.58,17.82,1:44:55,270584.0,0.0,,4448.0,6269.58,False,False,False,False,False
295,config-0,socfb-Amherst41.mtx,social,,,8,2235.0,90954.0,15439.0,212865.0,2235.0,10969.0,33.56,185176,0,config-0,7200.0,4000000.0,5595.03,12.37,1:33:36,307992.0,0.0,,4470.0,5595.03,False,False,False,False,False
345,config-0,socfb-Amherst41.mtx,social,,,10,2235.0,90954.0,17227.0,216780.0,2235.0,12757.0,33.38,185700,0,config-0,7200.0,4000000.0,4030.75,8.33,1:07:20,275092.0,0.0,,4470.0,4030.74,False,False,False,False,False
395,config-0,socfb-Amherst41.mtx,social,,,12,2235.0,90954.0,18870.0,219694.0,2235.0,14400.0,34.17,186092,0,config-0,7200.0,4000000.0,3727.95,5.77,1:02:16,230204.0,0.0,,4470.0,3727.94,False,False,False,False,False
445,config-0,socfb-Amherst41.mtx,social,,,16,2235.0,90954.0,22516.0,225344.0,2235.0,18046.0,33.26,186836,0,config-0,7200.0,4000000.0,2100.09,3.3,35:03,230868.0,0.0,,4470.0,2100.09,False,False,False,False,False
38,config-0,socfb-Bowdoin47.mtx,social,,,1,2252.0,84387.0,4627.0,178056.0,2252.0,123.0,192.3,175376,0,config-0,7200.0,4000000.0,606.17,1.3,10:07,279156.0,0.0,,462.0,606.17,False,False,False,False,False
88,config-0,socfb-Bowdoin47.mtx,social,,,2,2252.0,84387.0,9037.0,185298.0,2252.0,4533.0,130.56,176380,0,config-0,7200.0,4000000.0,7190.93,9.04,2:00:00,269460.0,124.0,,-1.0,,False,False,False,True,False
138,config-0,socfb-Bowdoin47.mtx,social,,,3,2252.0,84387.0,9804.0,188313.0,2252.0,5300.0,85.92,176784,0,config-0,7200.0,4000000.0,7190.36,9.09,2:00:00,275948.0,124.0,,-1.0,,False,False,False,True,False
188,config-0,socfb-Bowdoin47.mtx,social,,,4,2252.0,84387.0,10675.0,191307.0,2252.0,6171.0,95.45,177204,0,config-0,7200.0,4000000.0,7147.4,25.4,2:00:00,248700.0,124.0,,-1.0,,False,False,False,True,False
238,config-0,socfb-Bowdoin47.mtx,social,,,6,2252.0,84387.0,13967.0,195819.0,2252.0,9463.0,94.93,177796,0,config-0,7200.0,4000000.0,7159.21,20.66,2:00:00,264948.0,124.0,,-1.0,,False,False,False,True,False
288,config-0,socfb-Bowdoin47.mtx,social,,,8,2252.0,84387.0,15583.0,199957.0,2252.0,11079.0,93.71,178364,0,config-0,7200.0,4000000.0,3873.02,7.73,1:04:41,308236.0,0.0,,4502.0,3873.02,False,False,False,False,False
338,config-0,socfb-Bowdoin47.mtx,social,,,10,2252.0,84387.0,17347.0,203913.0,2252.0,12843.0,69.99,178892,0,config-0,7200.0,4000000.0,4028.63,12.14,1:07:27,300184.0,0.0,,4504.0,4028.62,False,False,False,False,False
388,config-0,socfb-Bowdoin47.mtx,social,,,12,2252.0,84387.0,19041.0,206854.0,2252.0,14537.0,73.09,179300,0,config-0,7200.0,4000000.0,3698.72,6.21,1:01:45,275640.0,0.0,,4504.0,3698.72,False,False,False,False,False
438,config-0,socfb-Bowdoin47.mtx,social,,,16,2252.0,84387.0,22727.0,212526.0,2252.0,18223.0,68.43,180052,0,config-0,7200.0,4000000.0,2720.39,12.63,45:37,241124.0,0.0,,4504.0,2720.38,False,False,False,False,False
44,config-0,socfb-Caltech36.mtx,social,,,1,769.0,16656.0,1616.0,36550.0,769.0,78.0,27.96,97448,0,config-0,7200.0,4000000.0,17.02,0.08,0:17,79972.0,0.0,,268.0,17.02,False,False,False,False,False
94,config-0,socfb-Caltech36.mtx,social,,,2,769.0,16656.0,3074.0,38944.0,769.0,1536.0,38.08,97780,0,config-0,7200.0,4000000.0,531.86,1.01,8:53,124760.0,0.0,,674.0,531.86,False,False,False,False,False
144,config-0,socfb-Caltech36.mtx,social,,,3,769.0,16656.0,3330.0,39965.0,769.0,1792.0,33.35,97920,0,config-0,7200.0,4000000.0,817.54,1.79,13:39,144376.0,0.0,,1170.0,817.54,False,False,False,False,False
194,config-0,socfb-Caltech36.mtx,social,,,4,769.0,16656.0,3613.0,40984.0,769.0,2075.0,38.38,98064,0,config-0,7200.0,4000000.0,726.98,1.32,12:08,157168.0,0.0,,1386.0,726.99,False,False,False,False,False
244,config-0,socfb-Caltech36.mtx,social,,,6,769.0,16656.0,4730.0,42511.0,769.0,3192.0,40.42,100296,0,config-0,7200.0,4000000.0,390.42,0.43,6:32,134952.0,0.0,,1504.0,390.42,False,False,False,False,False
294,config-0,socfb-Caltech36.mtx,social,,,8,769.0,16656.0,5266.0,43906.0,769.0,3728.0,39.28,100488,0,config-0,7200.0,4000000.0,187.19,0.1,3:07,141376.0,0.0,,1532.0,187.20,False,False,False,False,False
344,config-0,socfb-Caltech36.mtx,social,,,10,769.0,16656.0,5932.0,45267.0,769.0,4394.0,41.83,98636,0,config-0,7200.0,4000000.0,122.18,0.09,2:02,105540.0,0.0,,1538.0,122.18,False,False,False,False,False
394,config-0,socfb-Caltech36.mtx,social,,,12,769.0,16656.0,6434.0,46248.0,769.0,4896.0,38.44,98764,0,config-0,7200.0,4000000.0,57.41,0.11,0:57,90484.0,0.0,,1538.0,57.41,False,False,False,False,False
444,config-0,socfb-Caltech36.mtx,social,,,16,769.0,16656.0,7633.0,48134.0,769.0,6095.0,53.93,99020,0,config-0,7200.0,4000000.0,29.47,0.09,0:29,77252.0,0.0,,1538.0,29.47,False,False,False,False,False
47,config-0,socfb-Colgate88.mtx,social,,,1,3482.0,155043.0,7115.0,324364.0,3482.0,151.0,288.46,254080,0,config-0,7200.0,4000000.0,1938.04,3.16,32:21,473844.0,0.0,,654.0,1938.04,False,False,False,False,False
97,config-0,socfb-Colgate88.mtx,social,,,2,3482.0,155043.0,13951.0,335630.0,3482.0,6987.0,275.46,255612,0,config-0,7200.0,4000000.0,7188.62,8.8,2:00:00,331076.0,124.0,,-1.0,,False,False,False,True,False
147,config-0,socfb-Colgate88.mtx,social,,,3,3482.0,155043.0,15128.0,340285.0,3482.0,8164.0,252.17,256276,0,config-0,7200.0,4000000.0,7191.52,7.69,2:00:00,381292.0,124.0,,-1.0,,False,False,False,True,False
197,config-0,socfb-Colgate88.mtx,social,,,4,3482.0,155043.0,16531.0,344913.0,3482.0,9567.0,168.1,254868,0,config-0,7200.0,4000000.0,7190.98,8.42,2:00:00,320372.0,124.0,,-1.0,,False,False,False,True,False
247,config-0,socfb-Colgate88.mtx,social,,,6,3482.0,155043.0,21481.0,351891.0,3482.0,14517.0,165.86,257828,0,config-0,7200.0,4000000.0,7179.57,17.43,2:00:00,360116.0,124.0,,-1.0,,False,False,False,True,False
297,config-0,socfb-Colgate88.mtx,social,,,8,3482.0,155043.0,24033.0,358239.0,3482.0,17069.0,143.65,258696,0,config-0,7200.0,4000000.0,7181.33,17.61,2:00:00,366304.0,124.0,,-1.0,,False,False,False,True,False
347,config-0,socfb-Colgate88.mtx,social,,,10,3482.0,155043.0,26793.0,364457.0,3482.0,19829.0,135.45,259544,0,config-0,7200.0,4000000.0,7186.62,12.37,2:00:00,347276.0,124.0,,-1.0,,False,False,False,True,False
397,config-0,socfb-Colgate88.mtx,social,,,12,3482.0,155043.0,29147.0,369038.0,3482.0,22183.0,132.8,260160,0,config-0,7200.0,4000000.0,7183.69,15.73,2:00:00,345412.0,124.0,,-1.0,,False,False,False,True,False
447,config-0,socfb-Colgate88.mtx,social,,,16,3482.0,155043.0,35033.0,378040.0,3482.0,28069.0,126.02,261340,0,config-0,7200.0,4000000.0,7185.75,13.14,2:00:00,382976.0,124.0,,-1.0,,False,False,False,True,False
36,config-0,socfb-Hamilton46.mtx,social,,,1,2314.0,96394.0,4753.0,202322.0,2314.0,125.0,33.1,188204,0,config-0,7200.0,4000000.0,787.45,1.47,13:09,303856.0,0.0,,442.0,787.45,False,False,False,False,False
86,config-0,socfb-Hamilton46.mtx,social,,,2,2314.0,96394.0,9263.0,209756.0,2314.0,4635.0,33.88,189208,0,config-0,7200.0,4000000.0,7189.59,10.44,2:00:00,275000.0,124.0,,-1.0,,False,False,False,True,False
136,config-0,socfb-Hamilton46.mtx,social,,,3,2314.0,96394.0,10040.0,212843.0,2314.0,5412.0,35.43,189636,0,config-0,7200.0,4000000.0,7189.67,8.51,2:00:00,274016.0,124.0,,-1.0,,False,False,False,True,False
186,config-0,socfb-Hamilton46.mtx,social,,,4,2314.0,96394.0,10931.0,215919.0,2314.0,6303.0,34.91,190064,0,config-0,7200.0,4000000.0,7188.19,11.86,2:00:00,300264.0,124.0,,-1.0,,False,False,False,True,False
236,config-0,socfb-Hamilton46.mtx,social,,,6,2314.0,96394.0,14265.0,220545.0,2314.0,9637.0,34.12,190688,0,config-0,7200.0,4000000.0,6044.32,11.64,1:40:58,282208.0,0.0,,4618.0,6044.32,False,False,False,False,False
286,config-0,socfb-Hamilton46.mtx,social,,,8,2314.0,96394.0,15921.0,224765.0,2314.0,11293.0,34.13,191248,0,config-0,7200.0,4000000.0,4088.43,9.69,1:08:18,277728.0,0.0,,4628.0,4088.43,False,False,False,False,False
336,config-0,socfb-Hamilton46.mtx,social,,,10,2314.0,96394.0,17881.0,228887.0,2314.0,13253.0,33.97,191816,0,config-0,7200.0,4000000.0,5355.84,8.32,1:29:27,267036.0,0.0,,4628.0,5355.84,False,False,False,False,False
386,config-0,socfb-Hamilton46.mtx,social,,,12,2314.0,96394.0,19371.0,231888.0,2314.0,14743.0,34.28,192220,0,config-0,7200.0,4000000.0,3255.73,6.42,54:22,246832.0,0.0,,4628.0,3255.73,False,False,False,False,False
436,config-0,socfb-Hamilton46.mtx,social,,,16,2314.0,96394.0,23147.0,237632.0,2314.0,18519.0,32.98,192980,0,config-0,7200.0,4000000.0,2827.08,4.67,47:12,229112.0,0.0,,4628.0,2827.07,False,False,False,False,False
33,config-0,socfb-Haverford76.mtx,social,,,1,1446.0,59589.0,2995.0,125188.0,1446.0,103.0,22.46,146496,0,config-0,7200.0,4000000.0,259.87,0.7,4:21,219304.0,0.0,,286.0,259.86,False,False,False,False,False
83,config-0,socfb-Haverford76.mtx,social,,,2,1446.0,59589.0,5787.0,129778.0,1446.0,2895.0,27.1,147124,0,config-0,7200.0,4000000.0,6441.43,20.05,1:48:04,213588.0,0.0,,1552.0,6441.43,False,False,False,False,False
133,config-0,socfb-Haverford76.mtx,social,,,3,1446.0,59589.0,6272.0,131705.0,1446.0,3380.0,27.54,147400,0,config-0,7200.0,4000000.0,7186.71,9.6,2:00:00,232564.0,124.0,,-1.0,,False,False,False,True,False
183,config-0,socfb-Haverford76.mtx,social,,,4,1446.0,59589.0,6811.0,133625.0,1446.0,3919.0,27.38,145624,0,config-0,7200.0,4000000.0,4809.36,7.38,1:20:17,206580.0,0.0,,2744.0,4809.36,False,False,False,False,False
233,config-0,socfb-Haverford76.mtx,social,,,6,1446.0,59589.0,8909.0,136511.0,1446.0,6017.0,26.18,148016,0,config-0,7200.0,4000000.0,2333.05,5.16,38:58,225900.0,0.0,,2882.0,2333.05,False,False,False,False,False
283,config-0,socfb-Haverford76.mtx,social,,,8,1446.0,59589.0,9925.0,139143.0,1446.0,7033.0,26.17,148396,0,config-0,7200.0,4000000.0,1517.94,3.49,25:21,213980.0,0.0,,2892.0,1517.94,False,False,False,False,False
333,config-0,socfb-Haverford76.mtx,social,,,10,1446.0,59589.0,11093.0,141725.0,1446.0,8201.0,25.78,148744,0,config-0,7200.0,4000000.0,1343.29,3.28,22:26,211832.0,0.0,,2892.0,1343.29,False,False,False,False,False
383,config-0,socfb-Haverford76.mtx,social,,,12,1446.0,59589.0,12103.0,143594.0,1446.0,9211.0,25.68,148992,0,config-0,7200.0,4000000.0,873.82,2.36,14:36,201792.0,0.0,,2892.0,873.82,False,False,False,False,False
433,config-0,socfb-Haverford76.mtx,social,,,16,1446.0,59589.0,14421.0,147256.0,1446.0,11529.0,26.44,149476,0,config-0,7200.0,4000000.0,567.81,1.44,9:29,146092.0,0.0,,2892.0,567.81,False,False,False,False,False
48,config-0,socfb-Mich67.mtx,social,,,1,3748.0,81903.0,7651.0,179156.0,3748.0,155.0,69.23,174728,0,config-0,7200.0,4000000.0,281.13,0.44,4:41,250524.0,0.0,,1322.0,281.13,False,False,False,False,False
98,config-0,socfb-Mich67.mtx,social,,,2,3748.0,81903.0,15053.0,191314.0,3748.0,7557.0,107.21,176408,0,config-0,7200.0,4000000.0,7190.9,8.7,2:00:00,255000.0,124.0,,-1.0,,False,False,False,True,False
148,config-0,socfb-Mich67.mtx,social,,,3,3748.0,81903.0,16332.0,196337.0,3748.0,8836.0,82.69,177104,0,config-0,7200.0,4000000.0,7188.65,10.67,2:00:00,321508.0,124.0,,-1.0,,False,False,False,True,False
198,config-0,socfb-Mich67.mtx,social,,,4,3748.0,81903.0,17835.0,201331.0,3748.0,10339.0,140.07,179820,0,config-0,7200.0,4000000.0,7189.05,9.93,2:00:00,322064.0,124.0,,-1.0,,False,False,False,True,False
248,config-0,socfb-Mich67.mtx,social,,,6,3748.0,81903.0,23271.0,208843.0,3748.0,15775.0,109.61,178784,0,config-0,7200.0,4000000.0,7189.86,5.56,2:00:00,319400.0,124.0,,-1.0,,False,False,False,True,False
298,config-0,socfb-Mich67.mtx,social,,,8,3748.0,81903.0,26023.0,215749.0,3748.0,18527.0,83.66,179716,0,config-0,7200.0,4000000.0,7174.2,15.41,2:00:00,313280.0,124.0,,-1.0,,False,False,False,True,False
348,config-0,socfb-Mich67.mtx,social,,,10,3748.0,81903.0,28635.0,222369.0,3748.0,21139.0,67.85,180616,0,config-0,7200.0,4000000.0,6887.21,7.36,1:54:55,346632.0,0.0,,7496.0,6887.20,False,False,False,False,False
398,config-0,socfb-Mich67.mtx,social,,,12,3748.0,81903.0,31745.0,227254.0,3748.0,24249.0,71.43,181268,0,config-0,7200.0,4000000.0,6922.36,6.5,1:55:29,326464.0,0.0,,7496.0,6922.35,False,False,False,False,False
448,config-0,socfb-Mich67.mtx,social,,,16,3748.0,81903.0,37991.0,236726.0,3748.0,30495.0,84.02,182532,0,config-0,7200.0,4000000.0,5026.59,5.86,1:23:52,291684.0,0.0,,7496.0,5026.58,False,False,False,False,False
37,config-0,socfb-Middlebury45.mtx,social,,,1,3075.0,124610.0,6291.0,261840.0,3075.0,141.0,119.68,220384,0,config-0,7200.0,4000000.0,1508.33,2.1,25:12,367348.0,0.0,,668.0,1508.33,False,False,False,False,False
87,config-0,socfb-Middlebury45.mtx,social,,,2,3075.0,124610.0,12300.0,271764.0,3075.0,6150.0,120.14,221744,0,config-0,7200.0,4000000.0,7174.39,20.28,2:00:00,304920.0,124.0,,-1.0,,False,False,False,True,False
137,config-0,socfb-Middlebury45.mtx,social,,,3,3075.0,124610.0,13326.0,275861.0,3075.0,7176.0,119.16,222308,0,config-0,7200.0,4000000.0,7191.72,6.56,2:00:00,321624.0,124.0,,-1.0,,False,False,False,True,False
187,config-0,socfb-Middlebury45.mtx,social,,,4,3075.0,124610.0,14473.0,279954.0,3075.0,8323.0,118.01,222892,0,config-0,7200.0,4000000.0,7189.11,10.68,2:00:00,340112.0,124.0,,-1.0,,False,False,False,True,False
237,config-0,socfb-Middlebury45.mtx,social,,,6,3075.0,124610.0,18952.0,286095.0,3075.0,12802.0,113.21,223696,0,config-0,7200.0,4000000.0,7187.83,9.34,2:00:00,326824.0,124.0,,-1.0,,False,False,False,True,False
287,config-0,socfb-Middlebury45.mtx,social,,,8,3075.0,124610.0,21120.0,291716.0,3075.0,14970.0,109.29,224472,0,config-0,7200.0,4000000.0,7190.22,8.62,2:00:00,299340.0,124.0,,-1.0,,False,False,False,True,False
337,config-0,socfb-Middlebury45.mtx,social,,,10,3075.0,124610.0,23798.0,297207.0,3075.0,17648.0,110.43,225204,0,config-0,7200.0,4000000.0,7188.77,8.53,2:00:00,292952.0,124.0,,-1.0,,False,False,False,True,False
387,config-0,socfb-Middlebury45.mtx,social,,,12,3075.0,124610.0,25828.0,301172.0,3075.0,19678.0,227.04,223712,0,config-0,7200.0,4000000.0,7187.43,9.33,2:00:00,294612.0,124.0,,-1.0,,False,False,False,True,False
437,config-0,socfb-Middlebury45.mtx,social,,,16,3075.0,124610.0,30693.0,308822.0,3075.0,24543.0,240.02,226756,0,config-0,7200.0,4000000.0,5600.23,10.88,1:33:31,303416.0,0.0,,6150.0,5600.22,False,False,False,False,False
42,config-0,socfb-Oberlin44.mtx,social,,,1,2920.0,89912.0,5979.0,191820.0,2920.0,139.0,53.38,183096,0,config-0,7200.0,4000000.0,500.44,0.86,8:21,285772.0,0.0,,788.0,500.44,False,False,False,False,False
92,config-0,socfb-Oberlin44.mtx,social,,,2,2920.0,89912.0,11709.0,201248.0,2920.0,5869.0,66.68,184420,0,config-0,7200.0,4000000.0,7164.49,15.59,2:00:00,254572.0,124.0,,-1.0,,False,False,False,True,False
142,config-0,socfb-Oberlin44.mtx,social,,,3,2920.0,89912.0,12700.0,205155.0,2920.0,6860.0,67.22,184940,0,config-0,7200.0,4000000.0,7168.31,16.72,2:00:00,297496.0,124.0,,-1.0,,False,False,False,True,False
192,config-0,socfb-Oberlin44.mtx,social,,,4,2920.0,89912.0,13791.0,209037.0,2920.0,7951.0,66.73,185480,0,config-0,7200.0,4000000.0,7192.14,7.58,2:00:00,300420.0,124.0,,-1.0,,False,False,False,True,False
242,config-0,socfb-Oberlin44.mtx,social,,,6,2920.0,89912.0,18011.0,214897.0,2920.0,12171.0,64.3,186252,0,config-0,7200.0,4000000.0,7191.15,7.4,2:00:00,296140.0,124.0,,-1.0,,False,False,False,True,False
292,config-0,socfb-Oberlin44.mtx,social,,,8,2920.0,89912.0,20059.0,220211.0,2920.0,14219.0,132.02,186980,0,config-0,7200.0,4000000.0,7185.36,11.19,2:00:00,350256.0,124.0,,-1.0,,False,False,False,True,False
342,config-0,socfb-Oberlin44.mtx,social,,,10,2920.0,89912.0,22407.0,225419.0,2920.0,16567.0,182.45,187696,0,config-0,7200.0,4000000.0,5807.21,9.23,1:36:56,302748.0,0.0,,5840.0,5807.20,False,False,False,False,False
392,config-0,socfb-Oberlin44.mtx,social,,,12,2920.0,89912.0,24625.0,229220.0,2920.0,18785.0,96.17,188200,0,config-0,7200.0,4000000.0,4002.47,7.11,1:06:48,309760.0,0.0,,5840.0,4002.47,False,False,False,False,False
442,config-0,socfb-Oberlin44.mtx,social,,,16,2920.0,89912.0,29207.0,236656.0,2920.0,23367.0,96.26,189184,0,config-0,7200.0,4000000.0,5043.51,7.5,1:24:11,280976.0,0.0,,5840.0,5043.50,False,False,False,False,False
32,config-0,socfb-Pepperdine86.mtx,social,,,1,3445.0,152007.0,7040.0,318142.0,3445.0,150.0,56.7,250584,0,config-0,7200.0,4000000.0,1877.51,2.61,31:20,403024.0,0.0,,846.0,1877.51,False,False,False,False,False
82,config-0,socfb-Pepperdine86.mtx,social,,,2,3445.0,152007.0,13788.0,329273.0,3445.0,6898.0,56.56,252108,0,config-0,7200.0,4000000.0,7192.21,6.93,2:00:00,323832.0,124.0,,-1.0,,False,False,False,True,False
132,config-0,socfb-Pepperdine86.mtx,social,,,3,3445.0,152007.0,14939.0,333865.0,3445.0,8049.0,55.53,252760,0,config-0,7200.0,4000000.0,7187.46,12.29,2:00:00,371476.0,124.0,,-1.0,,False,False,False,True,False
182,config-0,socfb-Pepperdine86.mtx,social,,,4,3445.0,152007.0,16342.0,338456.0,3445.0,9452.0,54.73,253384,0,config-0,7200.0,4000000.0,7189.39,8.09,2:00:00,304548.0,124.0,,-1.0,,False,False,False,True,False
232,config-0,socfb-Pepperdine86.mtx,social,,,6,3445.0,152007.0,21255.0,345334.0,3445.0,14365.0,55.61,254300,0,config-0,7200.0,4000000.0,7189.9,11.04,2:00:00,338396.0,124.0,,-1.0,,False,False,False,True,False
282,config-0,socfb-Pepperdine86.mtx,social,,,8,3445.0,152007.0,23807.0,351645.0,3445.0,16917.0,59.15,253116,0,config-0,7200.0,4000000.0,7122.28,38.59,2:00:00,303192.0,124.0,,-1.0,,False,False,False,True,False
332,config-0,socfb-Pepperdine86.mtx,social,,,10,3445.0,152007.0,26531.0,357804.0,3445.0,19641.0,60.38,255992,0,config-0,7200.0,4000000.0,7190.55,9.42,2:00:00,346920.0,124.0,,-1.0,,False,False,False,True,False
382,config-0,socfb-Pepperdine86.mtx,social,,,12,3445.0,152007.0,28650.0,362322.0,3445.0,21760.0,58.47,256608,0,config-0,7200.0,4000000.0,6883.82,13.47,1:54:58,348692.0,0.0,,6890.0,6883.81,False,False,False,False,False
432,config-0,socfb-Pepperdine86.mtx,social,,,16,3445.0,152007.0,34574.0,371213.0,3445.0,27684.0,58.32,257776,0,config-0,7200.0,4000000.0,7190.1,8.96,2:00:00,317628.0,124.0,,-1.0,,False,False,False,True,False
46,config-0,socfb-Reed98.mtx,social,,,1,962.0,18812.0,2011.0,41658.0,962.0,87.0,5.86,102244,0,config-0,7200.0,4000000.0,24.32,0.08,0:24,109244.0,0.0,,298.0,24.32,False,False,False,False,False
96,config-0,socfb-Reed98.mtx,social,,,2,962.0,18812.0,3847.0,44672.0,962.0,1923.0,6.94,102736,0,config-0,7200.0,4000000.0,607.98,1.25,10:10,140576.0,0.0,,736.0,607.98,False,False,False,False,False
146,config-0,socfb-Reed98.mtx,social,,,3,962.0,18812.0,4168.0,45951.0,962.0,2244.0,6.83,102920,0,config-0,7200.0,4000000.0,1304.94,2.51,21:47,142480.0,0.0,,1356.0,1304.94,False,False,False,False,False
196,config-0,socfb-Reed98.mtx,social,,,4,962.0,18812.0,4547.0,47227.0,962.0,2623.0,7.34,103132,0,config-0,7200.0,4000000.0,1340.67,2.6,22:24,159036.0,0.0,,1694.0,1340.68,False,False,False,False,False
246,config-0,socfb-Reed98.mtx,social,,,6,962.0,18812.0,5921.0,49141.0,962.0,3997.0,7.13,103392,0,config-0,7200.0,4000000.0,877.89,1.14,14:40,165692.0,0.0,,1908.0,877.89,False,False,False,False,False
296,config-0,socfb-Reed98.mtx,social,,,8,962.0,18812.0,6617.0,50889.0,962.0,4693.0,7.36,103664,0,config-0,7200.0,4000000.0,438.93,0.29,7:19,145768.0,0.0,,1922.0,438.93,False,False,False,False,False
346,config-0,socfb-Reed98.mtx,social,,,10,962.0,18812.0,7377.0,52603.0,962.0,5453.0,6.79,103936,0,config-0,7200.0,4000000.0,389.19,0.71,6:31,130452.0,0.0,,1922.0,389.19,False,False,False,False,False
396,config-0,socfb-Reed98.mtx,social,,,12,962.0,18812.0,8051.0,53828.0,962.0,6127.0,7.46,104100,0,config-0,7200.0,4000000.0,204.24,0.15,3:24,117432.0,0.0,,1922.0,204.24,False,False,False,False,False
446,config-0,socfb-Reed98.mtx,social,,,16,962.0,18812.0,9611.0,56196.0,962.0,7687.0,6.93,104444,0,config-0,7200.0,4000000.0,113.04,0.11,1:53,115316.0,0.0,,1924.0,113.04,False,False,False,False,False
29,config-0,socfb-Simmons81.mtx,social,,,1,1518.0,32988.0,3140.0,72276.0,1518.0,104.0,8.03,118380,0,config-0,7200.0,4000000.0,73.26,0.32,1:13,139532.0,0.0,,440.0,73.26,False,False,False,False,False
79,config-0,socfb-Simmons81.mtx,social,,,2,1518.0,32988.0,6085.0,77106.0,1518.0,3049.0,15.84,119048,0,config-0,7200.0,4000000.0,2095.37,3.65,34:59,166244.0,0.0,,1302.0,2095.37,False,False,False,False,False
129,config-0,socfb-Simmons81.mtx,social,,,3,1518.0,32988.0,6596.0,79131.0,1518.0,3560.0,14.16,119320,0,config-0,7200.0,4000000.0,5832.0,6.36,1:37:20,198620.0,0.0,,2262.0,5832.00,False,False,False,False,False
179,config-0,socfb-Simmons81.mtx,social,,,4,1518.0,32988.0,7165.0,81153.0,1518.0,4129.0,14.89,119600,0,config-0,7200.0,4000000.0,4473.69,12.78,1:14:54,217684.0,0.0,,2768.0,4473.69,False,False,False,False,False
229,config-0,socfb-Simmons81.mtx,social,,,6,1518.0,32988.0,9385.0,84179.0,1518.0,6349.0,13.19,119996,0,config-0,7200.0,4000000.0,1550.55,3.08,25:53,195260.0,0.0,,3004.0,1550.56,False,False,False,False,False
279,config-0,socfb-Simmons81.mtx,social,,,8,1518.0,32988.0,10461.0,86961.0,1518.0,7425.0,13.17,120376,0,config-0,7200.0,4000000.0,1666.57,2.41,27:48,202124.0,0.0,,3034.0,1666.57,False,False,False,False,False
329,config-0,socfb-Simmons81.mtx,social,,,10,1518.0,32988.0,11677.0,89643.0,1518.0,8641.0,13.24,120740,0,config-0,7200.0,4000000.0,939.91,1.09,15:41,199232.0,0.0,,3034.0,939.90,False,False,False,False,False
379,config-0,socfb-Simmons81.mtx,social,,,12,1518.0,32988.0,12801.0,91610.0,1518.0,9765.0,13.06,120996,0,config-0,7200.0,4000000.0,994.53,2.29,16:39,179336.0,0.0,,3036.0,994.53,False,False,False,False,False
429,config-0,socfb-Simmons81.mtx,social,,,16,1518.0,32988.0,15207.0,95396.0,1518.0,12171.0,13.11,123024,0,config-0,7200.0,4000000.0,605.01,0.76,10:06,162556.0,0.0,,3036.0,605.01,False,False,False,False,False
49,config-0,socfb-Smith60.mtx,social,,,1,2970.0,97133.0,6079.0,206462.0,2970.0,139.0,66.51,190936,0,config-0,7200.0,4000000.0,703.75,1.17,11:44,299968.0,0.0,,716.0,703.75,False,False,False,False,False
99,config-0,socfb-Smith60.mtx,social,,,2,2970.0,97133.0,11883.0,216040.0,2970.0,5943.0,81.08,190216,0,config-0,7200.0,4000000.0,7169.65,17.63,2:00:00,269328.0,124.0,,-1.0,,False,False,False,True,False
149,config-0,socfb-Smith60.mtx,social,,,3,2970.0,97133.0,12874.0,219997.0,2970.0,6934.0,81.19,192804,0,config-0,7200.0,4000000.0,7191.27,7.92,2:00:00,312316.0,124.0,,-1.0,,False,False,False,True,False
199,config-0,socfb-Smith60.mtx,social,,,4,2970.0,97133.0,13989.0,223953.0,2970.0,8049.0,157.1,193352,0,config-0,7200.0,4000000.0,7157.21,20.85,2:00:00,297864.0,124.0,,-1.0,,False,False,False,True,False
249,config-0,socfb-Smith60.mtx,social,,,6,2970.0,97133.0,18235.0,229939.0,2970.0,12295.0,177.89,194144,0,config-0,7200.0,4000000.0,7185.06,13.51,2:00:00,332884.0,124.0,,-1.0,,False,False,False,True,False
299,config-0,socfb-Smith60.mtx,social,,,8,2970.0,97133.0,20333.0,235379.0,2970.0,14393.0,99.28,194880,0,config-0,7200.0,4000000.0,5834.22,14.91,1:37:30,350848.0,0.0,,5940.0,5834.21,False,False,False,False,False
349,config-0,socfb-Smith60.mtx,social,,,10,2970.0,97133.0,22825.0,240637.0,2970.0,16885.0,98.71,195584,0,config-0,7200.0,4000000.0,5395.84,9.52,1:30:05,349392.0,0.0,,5940.0,5395.83,False,False,False,False,False
399,config-0,socfb-Smith60.mtx,social,,,12,2970.0,97133.0,24899.0,244462.0,2970.0,18959.0,90.32,196112,0,config-0,7200.0,4000000.0,7185.05,12.83,2:00:00,290316.0,124.0,,-1.0,,False,False,False,True,False
449,config-0,socfb-Smith60.mtx,social,,,16,2970.0,97133.0,29481.0,251972.0,2970.0,23541.0,99.61,197112,0,config-0,7200.0,4000000.0,3482.71,11.1,58:14,302928.0,0.0,,5940.0,3482.71,False,False,False,False,False
31,config-0,socfb-Swarthmore42.mtx,social,,,1,1659.0,61050.0,3426.0,128972.0,1659.0,108.0,23.48,146704,0,config-0,7200.0,4000000.0,293.91,1.0,4:55,218464.0,0.0,,372.0,293.91,False,False,False,False,False
81,config-0,socfb-Swarthmore42.mtx,social,,,2,1659.0,61050.0,6660.0,134276.0,1659.0,3342.0,21.66,149484,0,config-0,7200.0,4000000.0,4111.47,6.53,1:08:38,240176.0,0.0,,1550.0,4111.47,False,False,False,False,False
131,config-0,socfb-Swarthmore42.mtx,social,,,3,1659.0,61050.0,7230.0,136501.0,1659.0,3912.0,22.07,149784,0,config-0,7200.0,4000000.0,7190.94,8.68,2:00:00,239724.0,124.0,,-1.0,,False,False,False,True,False
181,config-0,socfb-Swarthmore42.mtx,social,,,4,1659.0,61050.0,7897.0,138698.0,1659.0,4579.0,21.81,150092,0,config-0,7200.0,4000000.0,4879.68,8.06,1:21:28,226096.0,0.0,,3132.0,4879.68,False,False,False,False,False
231,config-0,socfb-Swarthmore42.mtx,social,,,6,1659.0,61050.0,10295.0,142041.0,1659.0,6977.0,23.02,150520,0,config-0,7200.0,4000000.0,2940.97,5.48,49:07,250076.0,0.0,,3308.0,2940.97,False,False,False,False,False
281,config-0,socfb-Swarthmore42.mtx,social,,,8,1659.0,61050.0,11503.0,145089.0,1659.0,8185.0,21.07,150948,0,config-0,7200.0,4000000.0,1890.99,5.51,31:36,247212.0,0.0,,3318.0,1890.99,False,False,False,False,False
331,config-0,socfb-Swarthmore42.mtx,social,,,10,1659.0,61050.0,12715.0,147980.0,1659.0,9397.0,20.97,151328,0,config-0,7200.0,4000000.0,1668.51,4.12,27:53,237268.0,0.0,,3318.0,1668.50,False,False,False,False,False
381,config-0,socfb-Swarthmore42.mtx,social,,,12,1659.0,61050.0,13765.0,150163.0,1659.0,10447.0,21.49,151636,0,config-0,7200.0,4000000.0,1281.33,3.04,21:24,207692.0,0.0,,3318.0,1281.32,False,False,False,False,False
431,config-0,socfb-Swarthmore42.mtx,social,,,16,1659.0,61050.0,16474.0,154341.0,1659.0,13156.0,20.91,152192,0,config-0,7200.0,4000000.0,903.96,2.75,15:07,206712.0,0.0,,3318.0,903.96,False,False,False,False,False
40,config-0,socfb-Trinity100.mtx,social,,,1,2613.0,111996.0,5359.0,234748.0,2613.0,133.0,38.84,205360,0,config-0,7200.0,4000000.0,1016.29,1.85,16:58,343500.0,0.0,,514.0,1016.29,False,False,False,False,False
90,config-0,socfb-Trinity100.mtx,social,,,2,2613.0,111996.0,10470.0,243160.0,2613.0,5244.0,42.43,206504,0,config-0,7200.0,4000000.0,7192.14,7.12,2:00:00,286848.0,124.0,,-1.0,,False,False,False,True,False
140,config-0,socfb-Trinity100.mtx,social,,,3,2613.0,111996.0,11354.0,246653.0,2613.0,6128.0,42.3,207004,0,config-0,7200.0,4000000.0,7187.02,11.4,2:00:00,300860.0,124.0,,-1.0,,False,False,False,True,False
190,config-0,socfb-Trinity100.mtx,social,,,4,2613.0,111996.0,12341.0,250124.0,2613.0,7115.0,41.39,207472,0,config-0,7200.0,4000000.0,7190.21,9.13,2:00:00,292076.0,124.0,,-1.0,,False,False,False,True,False
240,config-0,socfb-Trinity100.mtx,social,,,6,2613.0,111996.0,16143.0,255381.0,2613.0,10917.0,40.7,208164,0,config-0,7200.0,4000000.0,7162.71,20.88,2:00:00,291452.0,124.0,,-1.0,,False,False,False,True,False
290,config-0,socfb-Trinity100.mtx,social,,,8,2613.0,111996.0,17991.0,260177.0,2613.0,12765.0,41.09,208808,0,config-0,7200.0,4000000.0,7186.47,10.44,2:00:00,300896.0,124.0,,-1.0,,False,False,False,True,False
340,config-0,socfb-Trinity100.mtx,social,,,10,2613.0,111996.0,20101.0,264779.0,2613.0,14875.0,40.2,209436,0,config-0,7200.0,4000000.0,4901.82,8.95,1:21:50,297132.0,0.0,,5226.0,4901.82,False,False,False,False,False
390,config-0,socfb-Trinity100.mtx,social,,,12,2613.0,111996.0,22012.0,268166.0,2613.0,16786.0,39.75,209896,0,config-0,7200.0,4000000.0,5206.72,11.2,1:26:59,268692.0,0.0,,5226.0,5206.71,False,False,False,False,False
440,config-0,socfb-Trinity100.mtx,social,,,16,2613.0,111996.0,26186.0,274764.0,2613.0,20960.0,43.9,208724,0,config-0,7200.0,4000000.0,2893.62,7.07,48:21,271680.0,0.0,,5226.0,2893.61,False,False,False,False,False
41,config-0,socfb-USFCA72.mtx,social,,,1,2682.0,65252.0,5498.0,141538.0,2682.0,134.0,16.73,155980,0,config-0,7200.0,4000000.0,261.65,0.5,4:22,208412.0,0.0,,890.0,261.65,False,False,False,False,False
91,config-0,socfb-USFCA72.mtx,social,,,2,2682.0,65252.0,10731.0,150166.0,2682.0,5367.0,20.06,157164,0,config-0,7200.0,4000000.0,7067.12,5.61,1:57:52,235856.0,0.0,,2086.0,7067.11,False,False,False,False,False
141,config-0,socfb-USFCA72.mtx,social,,,3,2682.0,65252.0,11626.0,153739.0,2682.0,6262.0,20.76,157676,0,config-0,7200.0,4000000.0,7171.85,23.99,2:00:00,279684.0,124.0,,-1.0,,False,False,False,True,False
191,config-0,socfb-USFCA72.mtx,social,,,4,2682.0,65252.0,12645.0,157311.0,2682.0,7281.0,20.28,158160,0,config-0,7200.0,4000000.0,7180.34,16.82,2:00:00,291156.0,124.0,,-1.0,,False,False,False,True,False
241,config-0,socfb-USFCA72.mtx,social,,,6,2682.0,65252.0,16539.0,162663.0,2682.0,11175.0,19.9,158856,0,config-0,7200.0,4000000.0,7191.31,8.07,2:00:00,315248.0,124.0,,-1.0,,False,False,False,True,False
291,config-0,socfb-USFCA72.mtx,social,,,8,2682.0,65252.0,18451.0,167571.0,2682.0,13087.0,19.62,159532,0,config-0,7200.0,4000000.0,7190.81,7.18,2:00:00,308584.0,124.0,,-1.0,,False,False,False,True,False
341,config-0,socfb-USFCA72.mtx,social,,,10,2682.0,65252.0,20639.0,172369.0,2682.0,15275.0,19.36,160188,0,config-0,7200.0,4000000.0,3332.01,5.28,55:36,285148.0,0.0,,5364.0,3332.01,False,False,False,False,False
391,config-0,socfb-USFCA72.mtx,social,,,12,2682.0,65252.0,22563.0,175810.0,2682.0,17199.0,19.57,160640,0,config-0,7200.0,4000000.0,4221.67,3.98,1:10:25,288104.0,0.0,,5364.0,4221.67,False,False,False,False,False
441,config-0,socfb-USFCA72.mtx,social,,,16,2682.0,65252.0,26825.0,182488.0,2682.0,21461.0,19.51,161532,0,config-0,7200.0,4000000.0,3467.36,10.23,58:08,266960.0,0.0,,5364.0,3467.35,False,False,False,False,False
39,config-0,socfb-Vassar85.mtx,social,,,1,3068.0,119161.0,6277.0,250914.0,3068.0,141.0,35.24,214708,0,config-0,7200.0,4000000.0,1587.05,2.17,26:29,363504.0,0.0,,630.0,1587.05,False,False,False,False,False
89,config-0,socfb-Vassar85.mtx,social,,,2,3068.0,119161.0,12273.0,260814.0,3068.0,6137.0,39.69,216064,0,config-0,7200.0,4000000.0,7191.03,7.34,2:00:00,297528.0,124.0,,-1.0,,False,False,False,True,False
139,config-0,socfb-Vassar85.mtx,social,,,3,3068.0,119161.0,13296.0,264901.0,3068.0,7160.0,39.52,216628,0,config-0,7200.0,4000000.0,7189.18,9.14,2:00:00,344232.0,124.0,,-1.0,,False,False,False,True,False
189,config-0,socfb-Vassar85.mtx,social,,,4,3068.0,119161.0,14443.0,268987.0,3068.0,8307.0,39.29,217204,0,config-0,7200.0,4000000.0,7191.86,7.47,2:00:00,313932.0,124.0,,-1.0,,False,False,False,True,False
239,config-0,socfb-Vassar85.mtx,social,,,6,3068.0,119161.0,18915.0,275111.0,3068.0,12779.0,37.44,218004,0,config-0,7200.0,4000000.0,7190.24,9.21,2:00:00,317504.0,124.0,,-1.0,,False,False,False,True,False
289,config-0,socfb-Vassar85.mtx,social,,,8,3068.0,119161.0,21083.0,280725.0,3068.0,14947.0,37.5,218776,0,config-0,7200.0,4000000.0,6615.61,13.57,1:50:28,381064.0,0.0,,6136.0,6615.61,False,False,False,False,False
339,config-0,socfb-Vassar85.mtx,social,,,10,3068.0,119161.0,23735.0,286201.0,3068.0,17599.0,36.91,219524,0,config-0,7200.0,4000000.0,7187.63,8.76,2:00:00,304000.0,124.0,,-1.0,,False,False,False,True,False
389,config-0,socfb-Vassar85.mtx,social,,,12,3068.0,119161.0,25805.0,290154.0,3068.0,19669.0,37.7,220040,0,config-0,7200.0,4000000.0,7015.03,11.43,1:57:08,323968.0,0.0,,6136.0,7015.02,False,False,False,False,False
439,config-0,socfb-Vassar85.mtx,social,,,16,3068.0,119161.0,30643.0,297794.0,3068.0,24507.0,37.28,221052,0,config-0,7200.0,4000000.0,7185.08,12.67,2:00:00,305308.0,124.0,,-1.0,,False,False,False,True,False
43,config-0,socfb-Wellesley22.mtx,social,,,1,2970.0,94899.0,6079.0,201994.0,2970.0,139.0,57.26,188480,0,config-0,7200.0,4000000.0,733.16,1.08,12:14,294960.0,0.0,,756.0,733.15,False,False,False,False,False
93,config-0,socfb-Wellesley22.mtx,social,,,2,2970.0,94899.0,11883.0,211572.0,2970.0,5943.0,71.86,189792,0,config-0,7200.0,4000000.0,7192.52,7.08,2:00:00,271764.0,124.0,,-1.0,,False,False,False,True,False
143,config-0,socfb-Wellesley22.mtx,social,,,3,2970.0,94899.0,12874.0,215529.0,2970.0,6934.0,139.28,188304,0,config-0,7200.0,4000000.0,7189.19,7.06,2:00:00,301444.0,124.0,,-1.0,,False,False,False,True,False
193,config-0,socfb-Wellesley22.mtx,social,,,4,2970.0,94899.0,13989.0,219485.0,2970.0,8049.0,176.4,190888,0,config-0,7200.0,4000000.0,7189.58,11.58,2:00:00,339344.0,124.0,,-1.0,,False,False,False,True,False
243,config-0,socfb-Wellesley22.mtx,social,,,6,2970.0,94899.0,18235.0,225471.0,2970.0,12295.0,142.07,191664,0,config-0,7200.0,4000000.0,7191.37,8.11,2:00:00,291492.0,124.0,,-1.0,,False,False,False,True,False
293,config-0,socfb-Wellesley22.mtx,social,,,8,2970.0,94899.0,20333.0,230911.0,2970.0,14393.0,95.89,192416,0,config-0,7200.0,4000000.0,7169.51,25.28,2:00:00,310896.0,124.0,,-1.0,,False,False,False,True,False
343,config-0,socfb-Wellesley22.mtx,social,,,10,2970.0,94899.0,22825.0,236169.0,2970.0,16885.0,109.56,193140,0,config-0,7200.0,4000000.0,5678.54,10.32,1:34:49,299084.0,0.0,,5940.0,5678.53,False,False,False,False,False
393,config-0,socfb-Wellesley22.mtx,social,,,12,2970.0,94899.0,24899.0,239994.0,2970.0,18959.0,107.94,193644,0,config-0,7200.0,4000000.0,7187.22,9.01,2:00:00,284312.0,124.0,,-1.0,,False,False,False,True,False
443,config-0,socfb-Wellesley22.mtx,social,,,16,2970.0,94899.0,29481.0,247504.0,2970.0,23541.0,82.21,194648,0,config-0,7200.0,4000000.0,6088.59,18.59,1:41:56,278100.0,0.0,,5940.0,6088.58,False,False,False,False,False
30,config-0,socfb-Williams40.mtx,social,,,1,2790.0,112986.0,5716.0,237442.0,2790.0,136.0,35.99,207568,0,config-0,7200.0,4000000.0,1054.74,1.68,17:36,332960.0,0.0,,592.0,1054.73,False,False,False,False,False
80,config-0,socfb-Williams40.mtx,social,,,2,2790.0,112986.0,11163.0,246428.0,2790.0,5583.0,40.85,208808,0,config-0,7200.0,4000000.0,7187.18,9.54,2:00:00,290672.0,124.0,,-1.0,,False,False,False,True,False
130,config-0,socfb-Williams40.mtx,social,,,3,2790.0,112986.0,12096.0,250147.0,2790.0,6516.0,39.49,209328,0,config-0,7200.0,4000000.0,7189.4,9.01,2:00:00,310280.0,124.0,,-1.0,,False,False,False,True,False
180,config-0,socfb-Williams40.mtx,social,,,4,2790.0,112986.0,13147.0,253859.0,2790.0,7567.0,39.14,209836,0,config-0,7200.0,4000000.0,7189.94,8.21,2:00:00,301600.0,124.0,,-1.0,,False,False,False,True,False
230,config-0,socfb-Williams40.mtx,social,,,6,2790.0,112986.0,17147.0,259485.0,2790.0,11567.0,44.64,208548,0,config-0,7200.0,4000000.0,7019.21,11.86,1:57:11,342756.0,0.0,,5558.0,7019.21,False,False,False,False,False
280,config-0,socfb-Williams40.mtx,social,,,8,2790.0,112986.0,19123.0,264603.0,2790.0,13543.0,40.65,211272,0,config-0,7200.0,4000000.0,5699.73,13.0,1:35:12,311220.0,0.0,,5578.0,5699.73,False,False,False,False,False
330,config-0,socfb-Williams40.mtx,social,,,10,2790.0,112986.0,21487.0,269521.0,2790.0,15907.0,40.68,211924,0,config-0,7200.0,4000000.0,6808.63,15.98,1:53:48,327200.0,0.0,,5580.0,6808.62,False,False,False,False,False
380,config-0,socfb-Williams40.mtx,social,,,12,2790.0,112986.0,23209.0,273166.0,2790.0,17629.0,40.45,212432,0,config-0,7200.0,4000000.0,5015.34,13.53,1:23:50,294572.0,0.0,,5580.0,5015.34,False,False,False,False,False
430,config-0,socfb-Williams40.mtx,social,,,16,2790.0,112986.0,27709.0,280182.0,2790.0,22129.0,40.5,213364,0,config-0,7200.0,4000000.0,4846.67,6.78,1:20:54,283652.0,0.0,,5580.0,4846.65,False,False,False,False,False
35,config-0,socfb-nips-ego.edges,social,,,1,2888.0,2981.0,5914.0,17828.0,2888.0,138.0,1.69,58184,0,config-0,7200.0,4000000.0,7.1,0.01,0:07,9392.0,0.0,,5726.0,7.10,False,False,False,False,False
85,config-0,socfb-nips-ego.edges,social,,,2,2888.0,2981.0,11557.0,27138.0,2888.0,5781.0,7.07,60216,0,config-0,7200.0,4000000.0,18.81,0.05,0:18,33708.0,0.0,,5760.0,18.81,False,False,False,False,False
135,config-0,socfb-nips-ego.edges,social,,,3,2888.0,2981.0,12524.0,30989.0,2888.0,6748.0,6.91,60896,0,config-0,7200.0,4000000.0,12.38,0.04,0:12,15508.0,0.0,,5756.0,12.38,False,False,False,False,False
185,config-0,socfb-nips-ego.edges,social,,,4,2888.0,2981.0,13607.0,34831.0,2888.0,7831.0,6.9,61572,0,config-0,7200.0,4000000.0,15.13,0.04,0:15,15904.0,0.0,,5756.0,15.13,False,False,False,False,False
235,config-0,socfb-nips-ego.edges,social,,,6,2888.0,2981.0,17803.0,40603.0,2888.0,12027.0,5.64,63700,0,config-0,7200.0,4000000.0,16.51,0.03,0:16,18072.0,0.0,,5756.0,16.51,False,False,False,False,False
285,config-0,socfb-nips-ego.edges,social,,,8,2888.0,2981.0,19843.0,45877.0,2888.0,14067.0,5.76,64780,0,config-0,7200.0,4000000.0,22.97,0.05,0:23,19632.0,0.0,,5756.0,22.97,False,False,False,False,False
335,config-0,socfb-nips-ego.edges,social,,,10,2888.0,2981.0,22191.0,51053.0,2888.0,16415.0,5.63,66068,0,config-0,7200.0,4000000.0,26.63,0.03,0:26,21732.0,0.0,,5756.0,26.63,False,False,False,False,False
385,config-0,socfb-nips-ego.edges,social,,,12,2888.0,2981.0,24169.0,54798.0,2888.0,18393.0,5.42,67116,0,config-0,7200.0,4000000.0,24.53,0.03,0:24,22884.0,0.0,,5756.0,24.52,False,False,False,False,False
435,config-0,socfb-nips-ego.edges,social,,,16,2888.0,2981.0,28847.0,62146.0,2888.0,23071.0,5.73,71660,0,config-0,7200.0,4000000.0,30.2,0.04,0:30,27244.0,0.0,,5756.0,30.20,False,False,False,False,False
17,config-0,web-EPA.edges,webgraph,,,1,4271.0,8909.0,8707.0,35292.0,4271.0,165.0,1.79,68128,0,config-0,7200.0,4000000.0,33.32,0.03,0:33,15024.0,0.0,,5936.0,33.32,False,False,False,False,False
67,config-0,web-EPA.edges,webgraph,,,2,4271.0,8909.0,17128.0,49162.0,4271.0,8586.0,3.68,70312,0,config-0,7200.0,4000000.0,76.33,0.06,1:16,39860.0,0.0,,6946.0,76.33,False,False,False,False,False
117,config-0,web-EPA.edges,webgraph,,,3,4271.0,8909.0,18582.0,54883.0,4271.0,10040.0,3.74,71228,0,config-0,7200.0,4000000.0,158.58,0.12,2:39,114592.0,0.0,,7614.0,158.58,False,False,False,False,False
167,config-0,web-EPA.edges,webgraph,,,4,4271.0,8909.0,20241.0,60556.0,4271.0,11699.0,3.75,72384,0,config-0,7200.0,4000000.0,238.17,0.31,3:58,138076.0,0.0,,7896.0,238.17,False,False,False,False,False
217,config-0,web-EPA.edges,webgraph,,,6,4271.0,8909.0,26364.0,69133.0,4271.0,17822.0,3.43,76184,0,config-0,7200.0,4000000.0,315.42,0.25,5:15,166980.0,0.0,,8154.0,315.41,False,False,False,False,False
267,config-0,web-EPA.edges,webgraph,,,8,4271.0,8909.0,29428.0,76910.0,4271.0,20886.0,3.53,78632,0,config-0,7200.0,4000000.0,582.55,0.38,9:43,162440.0,0.0,,8284.0,582.54,False,False,False,False,False
317,config-0,web-EPA.edges,webgraph,,,10,4271.0,8909.0,32658.0,84557.0,4271.0,24116.0,3.66,81480,0,config-0,7200.0,4000000.0,329.59,0.14,5:29,136700.0,0.0,,8368.0,329.59,False,False,False,False,False
367,config-0,web-EPA.edges,webgraph,,,12,4271.0,8909.0,35968.0,90140.0,4271.0,27426.0,4.24,82568,0,config-0,7200.0,4000000.0,229.61,0.12,3:49,115472.0,0.0,,8398.0,229.60,False,False,False,False,False
417,config-0,web-EPA.edges,webgraph,,,16,4271.0,8909.0,42922.0,101125.0,4271.0,34380.0,4.38,86264,0,config-0,7200.0,4000000.0,155.21,0.08,2:35,108676.0,0.0,,8432.0,155.20,False,False,False,False,False
19,config-0,web-edu.mtx,webgraph,,,1,3031.0,6474.0,6203.0,25392.0,3031.0,141.0,13.19,91652,0,config-0,7200.0,4000000.0,16.5,0.04,0:16,10612.0,0.0,,2834.0,16.50,False,False,False,False,False
69,config-0,web-edu.mtx,webgraph,,,2,3031.0,6474.0,12153.0,35181.0,3031.0,6091.0,32.59,93012,0,config-0,7200.0,4000000.0,15.38,0.03,0:15,14532.0,0.0,,5578.0,15.38,False,False,False,False,False
119,config-0,web-edu.mtx,webgraph,,,3,3031.0,6474.0,13176.0,39231.0,3031.0,7114.0,30.29,94364,0,config-0,7200.0,4000000.0,17.88,0.04,0:17,15636.0,0.0,,5862.0,17.87,False,False,False,False,False
169,config-0,web-edu.mtx,webgraph,,,4,3031.0,6474.0,14314.0,43271.0,3031.0,8252.0,30.21,97044,0,config-0,7200.0,4000000.0,24.13,0.07,0:24,17296.0,0.0,,5924.0,24.12,False,False,False,False,False
219,config-0,web-edu.mtx,webgraph,,,6,3031.0,6474.0,18758.0,49330.0,3031.0,12696.0,25.37,97972,0,config-0,7200.0,4000000.0,21.22,0.03,0:21,19752.0,0.0,,5938.0,21.22,False,False,False,False,False
269,config-0,web-edu.mtx,webgraph,,,8,3031.0,6474.0,20908.0,54898.0,3031.0,14846.0,32.87,99912,0,config-0,7200.0,4000000.0,29.22,0.05,0:29,21580.0,0.0,,5948.0,29.21,False,False,False,False,False
319,config-0,web-edu.mtx,webgraph,,,10,3031.0,6474.0,23354.0,60263.0,3031.0,17292.0,29.19,100828,0,config-0,7200.0,4000000.0,34.86,0.06,0:34,23528.0,0.0,,5950.0,34.86,False,False,False,False,False
369,config-0,web-edu.mtx,webgraph,,,12,3031.0,6474.0,25593.0,64207.0,3031.0,19531.0,27.67,103284,0,config-0,7200.0,4000000.0,34.05,0.06,0:34,25620.0,0.0,,5958.0,34.04,False,False,False,False,False
419,config-0,web-edu.mtx,webgraph,,,16,3031.0,6474.0,30431.0,71810.0,3031.0,24369.0,23.25,105152,0,config-0,7200.0,4000000.0,51.7,0.07,0:51,34932.0,0.0,,5970.0,51.69,False,False,False,False,False
20,config-0,web-indochina-2004.mtx,webgraph,,,1,11358.0,47606.0,23000.0,141192.0,11358.0,284.0,10.84,157220,0,config-0,7200.0,4000000.0,181.48,0.07,3:01,38412.0,0.0,,15170.0,181.47,False,False,False,False,False
70,config-0,web-indochina-2004.mtx,webgraph,,,2,11358.0,47606.0,56784.0,186062.0,11358.0,34068.0,11.43,161232,0,config-0,7200.0,4000000.0,325.1,0.29,5:26,64412.0,0.0,,20008.0,325.08,False,False,False,False,False
120,config-0,web-indochina-2004.mtx,webgraph,,,3,11358.0,47606.0,68136.0,208765.0,11358.0,45420.0,11.52,169888,0,config-0,7200.0,4000000.0,350.41,0.29,5:50,72944.0,0.0,,22062.0,350.39,False,False,False,False,False
170,config-0,web-indochina-2004.mtx,webgraph,,,4,11358.0,47606.0,79486.0,231464.0,11358.0,56770.0,11.97,173320,0,config-0,7200.0,4000000.0,347.49,0.17,5:47,80652.0,0.0,,22462.0,347.48,False,False,False,False,False
220,config-0,web-indochina-2004.mtx,webgraph,,,6,11358.0,47606.0,102180.0,276850.0,11358.0,79464.0,12.32,186596,0,config-0,7200.0,4000000.0,486.6,0.67,8:08,99920.0,0.0,,22502.0,486.59,False,False,False,False,False
270,config-0,web-indochina-2004.mtx,webgraph,,,8,11358.0,47606.0,124866.0,322220.0,11358.0,102150.0,13.32,203736,0,config-0,7200.0,4000000.0,691.27,0.39,11:32,132264.0,0.0,,22520.0,691.24,False,False,False,False,False
320,config-0,web-indochina-2004.mtx,webgraph,,,10,11358.0,47606.0,147544.0,367574.0,11358.0,124828.0,13.66,214704,0,config-0,7200.0,4000000.0,674.67,0.79,11:16,139572.0,0.0,,22536.0,674.64,False,False,False,False,False
370,config-0,web-indochina-2004.mtx,webgraph,,,12,11358.0,47606.0,170214.0,412912.0,11358.0,147498.0,14.49,224916,0,config-0,7200.0,4000000.0,823.63,0.16,13:43,150676.0,0.0,,22560.0,823.60,False,False,False,False,False
420,config-0,web-indochina-2004.mtx,webgraph,,,16,11358.0,47606.0,215530.0,503540.0,11358.0,192814.0,15.72,276412,0,config-0,7200.0,4000000.0,898.94,1.47,15:00,192164.0,0.0,,22614.0,898.91,False,False,False,False,False
21,config-0,web-spam.mtx,webgraph,,,1,4767.0,37375.0,9707.0,94224.0,4767.0,173.0,9.05,131000,0,config-0,7200.0,4000000.0,84.57,0.07,1:24,83080.0,0.0,,3532.0,84.57,False,False,False,False,False
71,config-0,web-spam.mtx,webgraph,,,2,4767.0,37375.0,19098.0,109711.0,4767.0,9564.0,11.63,133148,0,config-0,7200.0,4000000.0,977.42,2.58,16:22,200988.0,0.0,,5932.0,977.41,False,False,False,False,False
121,config-0,web-spam.mtx,webgraph,,,3,4767.0,37375.0,20697.0,116073.0,4767.0,11163.0,11.83,134016,0,config-0,7200.0,4000000.0,2407.44,7.28,40:17,244400.0,0.0,,7190.0,2407.43,False,False,False,False,False
171,config-0,web-spam.mtx,webgraph,,,4,4767.0,37375.0,22548.0,122434.0,4767.0,13014.0,12.15,137260,0,config-0,7200.0,4000000.0,5664.74,3.6,1:34:31,265384.0,0.0,,8118.0,5664.73,False,False,False,False,False
221,config-0,web-spam.mtx,webgraph,,,6,4767.0,37375.0,29295.0,132051.0,4767.0,19761.0,11.4,138688,0,config-0,7200.0,4000000.0,7130.4,28.36,2:00:00,218568.0,124.0,,-1.0,,False,False,False,True,False
271,config-0,web-spam.mtx,webgraph,,,8,4767.0,37375.0,32710.0,140770.0,4767.0,23176.0,11.38,140048,0,config-0,7200.0,4000000.0,5319.99,9.75,1:29:02,277848.0,0.0,,9326.0,5319.98,False,False,False,False,False
321,config-0,web-spam.mtx,webgraph,,,10,4767.0,37375.0,36546.0,149233.0,4767.0,27012.0,11.66,141356,0,config-0,7200.0,4000000.0,4466.22,1.37,1:14:29,212072.0,0.0,,9424.0,4466.20,False,False,False,False,False
371,config-0,web-spam.mtx,webgraph,,,12,4767.0,37375.0,39676.0,155490.0,4767.0,30142.0,11.21,142304,0,config-0,7200.0,4000000.0,4152.31,8.68,1:09:39,199148.0,0.0,,9486.0,4152.29,False,False,False,False,False
421,config-0,web-spam.mtx,webgraph,,,16,4767.0,37375.0,47487.0,167416.0,4767.0,37953.0,11.89,147268,0,config-0,7200.0,4000000.0,2233.32,1.99,37:16,189764.0,0.0,,9520.0,2233.30,False,False,False,False,False
18,config-0,web-webbase-2001.mtx,webgraph,,,1,16062.0,25593.0,32452.0,116070.0,16062.0,328.0,6.03,146104,0,config-0,7200.0,4000000.0,596.68,0.21,9:58,46924.0,0.0,,26448.0,596.66,False,False,False,False,False
68,config-0,web-webbase-2001.mtx,webgraph,,,2,16062.0,25593.0,80304.0,179668.0,16062.0,48180.0,6.96,162820,0,config-0,7200.0,4000000.0,655.72,0.22,10:56,101216.0,0.0,,29838.0,655.70,False,False,False,False,False
118,config-0,web-webbase-2001.mtx,webgraph,,,3,16062.0,25593.0,96360.0,211779.0,16062.0,64236.0,7.47,168300,0,config-0,7200.0,4000000.0,621.52,0.72,10:22,96400.0,0.0,,30592.0,621.50,False,False,False,False,False
168,config-0,web-webbase-2001.mtx,webgraph,,,4,16062.0,25593.0,112414.0,243886.0,16062.0,80290.0,7.84,185688,0,config-0,7200.0,4000000.0,664.56,0.37,11:04,111604.0,0.0,,30974.0,664.54,False,False,False,False,False
218,config-0,web-webbase-2001.mtx,webgraph,,,6,16062.0,25593.0,144516.0,308088.0,16062.0,112392.0,8.75,202988,0,config-0,7200.0,4000000.0,782.12,0.21,13:02,156632.0,0.0,,31294.0,782.09,False,False,False,False,False
268,config-0,web-webbase-2001.mtx,webgraph,,,8,16062.0,25593.0,176610.0,372274.0,16062.0,144486.0,9.78,223176,0,config-0,7200.0,4000000.0,1025.68,0.21,17:06,182212.0,0.0,,31466.0,1025.66,False,False,False,False,False
318,config-0,web-webbase-2001.mtx,webgraph,,,10,16062.0,25593.0,208696.0,436444.0,16062.0,176572.0,11.32,265800,0,config-0,7200.0,4000000.0,1176.45,0.35,19:37,231912.0,0.0,,31584.0,1176.42,False,False,False,False,False
368,config-0,web-webbase-2001.mtx,webgraph,,,12,16062.0,25593.0,240774.0,500598.0,16062.0,208650.0,11.39,283840,0,config-0,7200.0,4000000.0,1319.51,0.48,22:00,265324.0,0.0,,31682.0,1319.48,False,False,False,False,False
418,config-0,web-webbase-2001.mtx,webgraph,,,16,16062.0,25593.0,304906.0,628858.0,16062.0,272782.0,14.01,323632,0,config-0,7200.0,4000000.0,1385.54,1.52,23:07,314820.0,0.0,,31784.0,1385.50,False,False,False,False,False
13,config-0,road-roadNet-PA.mtx,road,,,1,,,,,,,218.38,3650844,0,,,,,,,,,,,,False,True,False,False,False
63,config-0,road-roadNet-PA.mtx,road,,,2,,,,,,,214.07,3645004,0,,,,,,,,,,,,False,True,False,False,False
113,config-0,road-roadNet-PA.mtx,road,,,3,,,,,,,207.22,3650296,0,,,,,,,,,,,,False,True,False,False,False
163,config-0,road-roadNet-PA.mtx,road,,,4,,,,,,,202.22,3650980,0,,,,,,,,,,,,False,True,False,False,False
213,config-0,road-roadNet-PA.mtx,road,,,6,,,,,,,205.22,3650872,0,,,,,,,,,,,,False,True,False,False,False
263,config-0,road-roadNet-PA.mtx,road,,,8,,,,,,,200.27,3650868,0,,,,,,,,,,,,False,True,False,False,False
313,config-0,road-roadNet-PA.mtx,road,,,10,,,,,,,214.64,3650980,0,,,,,,,,,,,,False,True,False,False,False
363,config-0,road-roadNet-PA.mtx,road,,,12,,,,,,,208.14,3650840,0,,,,,,,,,,,,False,True,False,False,False
413,config-0,road-roadNet-PA.mtx,road,,,16,,,,,,,197.05,3644780,0,,,,,,,,,,,,False,True,False,False,False
