,config,benchmark,network_type,encoding,configuration,ilp_configuration,k,encoding_t/o,building_successful,encoding_successful,n_nodes,n_edges,utime,max_res_set_size,exit_status,n_vars,n_csts,encoding_m/o
2,config0,MadridAdj.txt,kaustav,ilp,,config0,1,False,True,True,54.0,226.0,1.25,53812,0,108.0,1533.0,
106,config0,MadridAdj.txt,kaustav,ilp,,config0,2,False,True,True,54.0,226.0,45.7,3153760,0,108.0,815029.0,
210,config0,MadridAdj.txt,kaustav,ilp,,config0,3,False,True,False,,,51.2,3728612,1,,,True
314,config0,MadridAdj.txt,kaustav,ilp,,config0,4,False,True,False,,,53.32,3728616,1,,,True
418,config0,MadridAdj.txt,kaustav,ilp,,config0,6,False,True,False,,,67.63,3728596,1,,,True
522,config0,MadridAdj.txt,kaustav,ilp,,config0,8,False,True,False,,,64.63,3728596,1,,,True
626,config0,MadridAdj.txt,kaustav,ilp,,config0,10,False,True,False,,,64.15,3728600,1,,,True
730,config0,MadridAdj.txt,kaustav,ilp,,config0,12,False,True,False,,,64.2,3728596,1,,,True
834,config0,MadridAdj.txt,kaustav,ilp,,config0,16,False,True,False,,,62.62,3728592,1,,,True
1,config0,ParisAdj.txt,kaustav,ilp,,config0,1,False,True,True,10.0,14.0,1.08,51880,0,20.0,65.0,
105,config0,ParisAdj.txt,kaustav,ilp,,config0,2,False,True,True,10.0,14.0,0.87,51968,0,20.0,396.0,
209,config0,ParisAdj.txt,kaustav,ilp,,config0,3,False,True,True,10.0,14.0,0.97,54252,0,20.0,751.0,
313,config0,ParisAdj.txt,kaustav,ilp,,config0,4,False,True,True,10.0,14.0,1.36,52324,0,20.0,842.0,
417,config0,ParisAdj.txt,kaustav,ilp,,config0,6,False,True,True,10.0,14.0,3.55,52336,0,20.0,862.0,
521,config0,ParisAdj.txt,kaustav,ilp,,config0,8,False,True,True,10.0,14.0,4.46,52332,0,20.0,862.0,
625,config0,ParisAdj.txt,kaustav,ilp,,config0,10,False,True,True,10.0,14.0,4.5,52328,0,20.0,862.0,
729,config0,ParisAdj.txt,kaustav,ilp,,config0,12,False,True,True,10.0,14.0,4.45,52332,0,20.0,862.0,
833,config0,ParisAdj.txt,kaustav,ilp,,config0,16,False,True,True,10.0,14.0,4.51,52332,0,20.0,862.0,
3,config0,PhilippineAdj.txt,kaustav,ilp,,config0,1,False,True,True,14.0,51.0,0.92,51936,0,28.0,113.0,
107,config0,PhilippineAdj.txt,kaustav,ilp,,config0,2,False,True,True,14.0,51.0,0.91,53596,0,28.0,2303.0,
211,config0,PhilippineAdj.txt,kaustav,ilp,,config0,3,False,True,True,14.0,51.0,1.91,62248,0,28.0,8803.0,
315,config0,PhilippineAdj.txt,kaustav,ilp,,config0,4,False,True,True,14.0,51.0,10.12,68276,0,28.0,12306.0,
419,config0,PhilippineAdj.txt,kaustav,ilp,,config0,6,False,True,True,14.0,51.0,173.65,71564,0,28.0,13186.0,
523,config0,PhilippineAdj.txt,kaustav,ilp,,config0,8,False,True,True,14.0,51.0,701.23,71608,0,28.0,13499.0,
627,config0,PhilippineAdj.txt,kaustav,ilp,,config0,10,False,True,True,14.0,51.0,1047.01,71848,0,28.0,13543.0,
731,config0,PhilippineAdj.txt,kaustav,ilp,,config0,12,False,True,True,14.0,51.0,1135.64,71860,0,28.0,13543.0,
835,config0,PhilippineAdj.txt,kaustav,ilp,,config0,16,False,True,True,14.0,51.0,1039.78,71836,0,28.0,13543.0,
4,config0,ZerkaniAdj.txt,kaustav,ilp,,config0,1,False,True,True,39.0,89.0,1.22,52612,0,78.0,819.0,
108,config0,ZerkaniAdj.txt,kaustav,ilp,,config0,2,False,True,True,39.0,89.0,7.8,509532,0,78.0,164066.0,
212,config0,ZerkaniAdj.txt,kaustav,ilp,,config0,3,False,True,False,,,76.86,3728396,1,,,True
316,config0,ZerkaniAdj.txt,kaustav,ilp,,config0,4,False,True,False,,,68.99,3728472,1,,,True
420,config0,ZerkaniAdj.txt,kaustav,ilp,,config0,6,False,True,False,,,165.97,3728528,1,,,True
524,config0,ZerkaniAdj.txt,kaustav,ilp,,config0,8,False,True,False,,,567.44,3728444,1,,,True
628,config0,ZerkaniAdj.txt,kaustav,ilp,,config0,10,False,True,False,,,960.82,3606372,0,,,True
732,config0,ZerkaniAdj.txt,kaustav,ilp,,config0,12,False,True,False,,,958.51,3606372,0,,,True
836,config0,ZerkaniAdj.txt,kaustav,ilp,,config0,16,False,True,False,,,987.27,3605516,0,,,True
53,config0,ca-CondMat.mtx,collaboration,ilp,,config0,1,False,True,False,,,71.48,3632808,0,,,True
157,config0,ca-CondMat.mtx,collaboration,ilp,,config0,2,False,True,False,,,73.85,3656568,0,,,True
261,config0,ca-CondMat.mtx,collaboration,ilp,,config0,3,False,True,False,,,72.78,3656572,0,,,True
365,config0,ca-CondMat.mtx,collaboration,ilp,,config0,4,False,True,False,,,66.65,3656560,0,,,True
469,config0,ca-CondMat.mtx,collaboration,ilp,,config0,6,False,True,False,,,68.59,3656560,0,,,True
573,config0,ca-CondMat.mtx,collaboration,ilp,,config0,8,False,True,False,,,67.78,3656564,0,,,True
677,config0,ca-CondMat.mtx,collaboration,ilp,,config0,10,False,True,False,,,68.48,3656576,0,,,True
781,config0,ca-CondMat.mtx,collaboration,ilp,,config0,12,False,True,False,,,64.8,3656568,0,,,True
885,config0,ca-CondMat.mtx,collaboration,ilp,,config0,16,False,True,False,,,63.21,3656552,0,,,True
54,config0,ca-Erdos992.mtx,collaboration,ilp,,config0,1,False,True,False,,,29.42,3620436,0,,,True
158,config0,ca-Erdos992.mtx,collaboration,ilp,,config0,2,False,True,False,,,25.18,3656736,0,,,True
262,config0,ca-Erdos992.mtx,collaboration,ilp,,config0,3,False,True,False,,,24.71,3656744,0,,,True
366,config0,ca-Erdos992.mtx,collaboration,ilp,,config0,4,False,True,False,,,25.05,3656736,0,,,True
470,config0,ca-Erdos992.mtx,collaboration,ilp,,config0,6,False,True,False,,,24.81,3658788,0,,,True
574,config0,ca-Erdos992.mtx,collaboration,ilp,,config0,8,False,True,False,,,24.33,3656744,0,,,True
678,config0,ca-Erdos992.mtx,collaboration,ilp,,config0,10,False,True,False,,,24.38,3656736,0,,,True
782,config0,ca-Erdos992.mtx,collaboration,ilp,,config0,12,False,True,False,,,24.55,3656732,0,,,True
886,config0,ca-Erdos992.mtx,collaboration,ilp,,config0,16,False,True,False,,,25.09,3656736,0,,,True
52,config0,ca-GrQc.mtx,collaboration,ilp,,config0,1,False,True,False,,,57.85,3656748,0,,,True
156,config0,ca-GrQc.mtx,collaboration,ilp,,config0,2,False,True,False,,,41.4,3656580,0,,,True
260,config0,ca-GrQc.mtx,collaboration,ilp,,config0,3,False,True,False,,,41.82,3656580,0,,,True
364,config0,ca-GrQc.mtx,collaboration,ilp,,config0,4,False,True,False,,,43.41,3656608,0,,,True
468,config0,ca-GrQc.mtx,collaboration,ilp,,config0,6,False,True,False,,,41.75,3656580,0,,,True
572,config0,ca-GrQc.mtx,collaboration,ilp,,config0,8,False,True,False,,,42.11,3656604,0,,,True
676,config0,ca-GrQc.mtx,collaboration,ilp,,config0,10,False,True,False,,,41.25,3656604,0,,,True
780,config0,ca-GrQc.mtx,collaboration,ilp,,config0,12,False,True,False,,,43.77,3656604,0,,,True
884,config0,ca-GrQc.mtx,collaboration,ilp,,config0,16,False,True,False,,,41.39,3656580,0,,,True
51,config0,ca-citeseer.mtx,collaboration,ilp,,config0,1,False,True,False,,,359.7,3656716,0,,,True
155,config0,ca-citeseer.mtx,collaboration,ilp,,config0,2,False,True,False,,,344.65,3656720,0,,,True
259,config0,ca-citeseer.mtx,collaboration,ilp,,config0,3,False,True,False,,,339.68,3656716,0,,,True
363,config0,ca-citeseer.mtx,collaboration,ilp,,config0,4,False,True,False,,,342.21,3656728,0,,,True
467,config0,ca-citeseer.mtx,collaboration,ilp,,config0,6,False,True,False,,,359.0,3656732,0,,,True
571,config0,ca-citeseer.mtx,collaboration,ilp,,config0,8,False,True,False,,,351.67,3656724,0,,,True
675,config0,ca-citeseer.mtx,collaboration,ilp,,config0,10,False,True,False,,,346.07,3656724,0,,,True
779,config0,ca-citeseer.mtx,collaboration,ilp,,config0,12,False,True,False,,,347.7,3656728,0,,,True
883,config0,ca-citeseer.mtx,collaboration,ilp,,config0,16,False,True,False,,,331.77,3656732,0,,,True
50,config0,ca-dblp-2010.mtx,collaboration,ilp,,config0,1,False,True,False,,,257.72,3656784,0,,,True
154,config0,ca-dblp-2010.mtx,collaboration,ilp,,config0,2,False,True,False,,,300.56,3656704,0,,,True
258,config0,ca-dblp-2010.mtx,collaboration,ilp,,config0,3,False,True,False,,,274.49,3656704,0,,,True
362,config0,ca-dblp-2010.mtx,collaboration,ilp,,config0,4,False,True,False,,,263.74,3656716,0,,,True
466,config0,ca-dblp-2010.mtx,collaboration,ilp,,config0,6,False,True,False,,,267.57,3656704,0,,,True
570,config0,ca-dblp-2010.mtx,collaboration,ilp,,config0,8,False,True,False,,,266.58,3656708,0,,,True
674,config0,ca-dblp-2010.mtx,collaboration,ilp,,config0,10,False,True,False,,,263.85,3656720,0,,,True
778,config0,ca-dblp-2010.mtx,collaboration,ilp,,config0,12,False,True,False,,,255.63,3656700,0,,,True
882,config0,ca-dblp-2010.mtx,collaboration,ilp,,config0,16,False,True,False,,,256.46,3656700,0,,,True
48,config0,ca-netscience.mtx,collaboration,ilp,,config0,1,False,True,True,379.0,914.0,3.86,178364,0,758.0,40708.0,
152,config0,ca-netscience.mtx,collaboration,ilp,,config0,2,False,True,False,,,64.14,3656720,1,,,True
256,config0,ca-netscience.mtx,collaboration,ilp,,config0,3,False,True,False,,,51.27,3658832,1,,,True
360,config0,ca-netscience.mtx,collaboration,ilp,,config0,4,False,True,False,,,48.41,3656784,1,,,True
464,config0,ca-netscience.mtx,collaboration,ilp,,config0,6,False,True,False,,,51.56,3656788,1,,,True
568,config0,ca-netscience.mtx,collaboration,ilp,,config0,8,False,True,False,,,49.23,3656784,1,,,True
672,config0,ca-netscience.mtx,collaboration,ilp,,config0,10,False,True,False,,,49.12,3656788,1,,,True
776,config0,ca-netscience.mtx,collaboration,ilp,,config0,12,False,True,False,,,48.59,3656784,1,,,True
880,config0,ca-netscience.mtx,collaboration,ilp,,config0,16,False,True,False,,,49.1,3656788,1,,,True
49,config0,ca-sandi_auths.mtx,collaboration,ilp,,config0,1,False,True,True,86.0,124.0,2.07,85976,0,172.0,3040.0,
153,config0,ca-sandi_auths.mtx,collaboration,ilp,,config0,2,False,True,False,,,83.16,3656728,0,,,True
257,config0,ca-sandi_auths.mtx,collaboration,ilp,,config0,3,False,True,False,,,90.58,3656528,1,,,True
361,config0,ca-sandi_auths.mtx,collaboration,ilp,,config0,4,False,True,False,,,55.34,3656672,1,,,True
465,config0,ca-sandi_auths.mtx,collaboration,ilp,,config0,6,False,True,False,,,58.81,3656672,1,,,True
569,config0,ca-sandi_auths.mtx,collaboration,ilp,,config0,8,False,True,False,,,60.04,3656672,1,,,True
673,config0,ca-sandi_auths.mtx,collaboration,ilp,,config0,10,False,True,False,,,60.07,3658720,1,,,True
777,config0,ca-sandi_auths.mtx,collaboration,ilp,,config0,12,False,True,False,,,61.81,3656672,1,,,True
881,config0,ca-sandi_auths.mtx,collaboration,ilp,,config0,16,False,True,False,,,59.83,3656696,1,,,True
14,config0,inf-USAir97.mtx,infrastructure,ilp,,config0,1,False,True,True,332.0,2126.0,5.72,298524,0,664.0,50745.0,
118,config0,inf-USAir97.mtx,infrastructure,ilp,,config0,2,False,True,False,,,37.1,3656644,0,,,True
222,config0,inf-USAir97.mtx,infrastructure,ilp,,config0,3,False,True,False,,,37.22,3656544,1,,,True
326,config0,inf-USAir97.mtx,infrastructure,ilp,,config0,4,False,True,False,,,31.4,3656540,0,,,True
430,config0,inf-USAir97.mtx,infrastructure,ilp,,config0,6,False,True,False,,,31.63,3656536,0,,,True
534,config0,inf-USAir97.mtx,infrastructure,ilp,,config0,8,False,True,False,,,36.49,3656540,1,,,True
638,config0,inf-USAir97.mtx,infrastructure,ilp,,config0,10,False,True,False,,,32.49,3656532,0,,,True
742,config0,inf-USAir97.mtx,infrastructure,ilp,,config0,12,False,True,False,,,31.64,3656532,0,,,True
846,config0,inf-USAir97.mtx,infrastructure,ilp,,config0,16,False,True,False,,,32.53,3656528,0,,,True
17,config0,power-1138-bus.mtx,power,ilp,,config0,1,False,True,True,1138.0,2596.0,18.13,1076416,0,2276.0,640050.0,
121,config0,power-1138-bus.mtx,power,ilp,,config0,2,False,True,False,,,36.35,3656688,0,,,True
225,config0,power-1138-bus.mtx,power,ilp,,config0,3,False,True,False,,,36.69,3658808,0,,,True
329,config0,power-1138-bus.mtx,power,ilp,,config0,4,False,True,False,,,34.86,3656772,0,,,True
433,config0,power-1138-bus.mtx,power,ilp,,config0,6,False,True,False,,,37.17,3656768,0,,,True
537,config0,power-1138-bus.mtx,power,ilp,,config0,8,False,True,False,,,36.9,3656764,0,,,True
641,config0,power-1138-bus.mtx,power,ilp,,config0,10,False,True,False,,,36.89,3656764,0,,,True
745,config0,power-1138-bus.mtx,power,ilp,,config0,12,False,True,False,,,35.53,3656760,0,,,True
849,config0,power-1138-bus.mtx,power,ilp,,config0,16,False,True,False,,,34.18,3656768,0,,,True
19,config0,power-494-bus.mtx,power,ilp,,config0,1,False,True,True,494.0,1080.0,4.82,261104,0,988.0,121726.0,
123,config0,power-494-bus.mtx,power,ilp,,config0,2,False,True,False,,,45.95,3656624,1,,,True
227,config0,power-494-bus.mtx,power,ilp,,config0,3,False,True,False,,,40.52,3656724,1,,,True
331,config0,power-494-bus.mtx,power,ilp,,config0,4,False,True,False,,,41.8,3656724,1,,,True
435,config0,power-494-bus.mtx,power,ilp,,config0,6,False,True,False,,,43.24,3656720,1,,,True
539,config0,power-494-bus.mtx,power,ilp,,config0,8,False,True,False,,,42.6,3656724,1,,,True
643,config0,power-494-bus.mtx,power,ilp,,config0,10,False,True,False,,,39.53,3656724,1,,,True
747,config0,power-494-bus.mtx,power,ilp,,config0,12,False,True,False,,,39.67,3656720,1,,,True
851,config0,power-494-bus.mtx,power,ilp,,config0,16,False,True,False,,,43.39,3658768,1,,,True
21,config0,power-685-bus.mtx,power,ilp,,config0,1,False,True,True,685.0,1967.0,8.99,547200,0,1370.0,231550.0,
125,config0,power-685-bus.mtx,power,ilp,,config0,2,False,True,False,,,35.58,3656768,0,,,True
229,config0,power-685-bus.mtx,power,ilp,,config0,3,False,True,False,,,31.9,3656768,0,,,True
333,config0,power-685-bus.mtx,power,ilp,,config0,4,False,True,False,,,31.82,3656768,0,,,True
437,config0,power-685-bus.mtx,power,ilp,,config0,6,False,True,False,,,31.6,3656768,0,,,True
541,config0,power-685-bus.mtx,power,ilp,,config0,8,False,True,False,,,31.55,3656772,0,,,True
645,config0,power-685-bus.mtx,power,ilp,,config0,10,False,True,False,,,31.89,3656768,0,,,True
749,config0,power-685-bus.mtx,power,ilp,,config0,12,False,True,False,,,32.51,3658812,0,,,True
853,config0,power-685-bus.mtx,power,ilp,,config0,16,False,True,False,,,33.55,3656768,0,,,True
16,config0,power-US-Grid.mtx,power,ilp,,config0,1,False,True,False,,,43.35,3559724,0,,,True
120,config0,power-US-Grid.mtx,power,ilp,,config0,2,False,True,False,,,35.53,3656696,0,,,True
224,config0,power-US-Grid.mtx,power,ilp,,config0,3,False,True,False,,,35.56,3656696,0,,,True
328,config0,power-US-Grid.mtx,power,ilp,,config0,4,False,True,False,,,35.07,3656696,0,,,True
432,config0,power-US-Grid.mtx,power,ilp,,config0,6,False,True,False,,,34.77,3656692,0,,,True
536,config0,power-US-Grid.mtx,power,ilp,,config0,8,False,True,False,,,34.7,3656696,0,,,True
640,config0,power-US-Grid.mtx,power,ilp,,config0,10,False,True,False,,,35.36,3656692,0,,,True
744,config0,power-US-Grid.mtx,power,ilp,,config0,12,False,True,False,,,33.97,3656696,0,,,True
848,config0,power-US-Grid.mtx,power,ilp,,config0,16,False,True,False,,,37.45,3658740,0,,,True
20,config0,power-bcspwr09.mtx,power,ilp,,config0,1,False,True,True,1723.0,4117.0,46.54,2538976,0,3446.0,1483344.0,
124,config0,power-bcspwr09.mtx,power,ilp,,config0,2,False,True,False,,,38.85,3656780,0,,,True
228,config0,power-bcspwr09.mtx,power,ilp,,config0,3,False,True,False,,,39.5,3656584,0,,,True
332,config0,power-bcspwr09.mtx,power,ilp,,config0,4,False,True,False,,,40.18,3656584,0,,,True
436,config0,power-bcspwr09.mtx,power,ilp,,config0,6,False,True,False,,,38.34,3656580,0,,,True
540,config0,power-bcspwr09.mtx,power,ilp,,config0,8,False,True,False,,,40.17,3656580,0,,,True
644,config0,power-bcspwr09.mtx,power,ilp,,config0,10,False,True,False,,,37.59,3656584,0,,,True
748,config0,power-bcspwr09.mtx,power,ilp,,config0,12,False,True,False,,,38.09,3656580,0,,,True
852,config0,power-bcspwr09.mtx,power,ilp,,config0,16,False,True,False,,,37.47,3656584,0,,,True
18,config0,power-eris1176.mtx,power,ilp,,config0,1,False,True,True,1176.0,9864.0,35.04,1327132,0,2352.0,423464.0,
122,config0,power-eris1176.mtx,power,ilp,,config0,2,False,True,False,,,41.66,3656732,0,,,True
226,config0,power-eris1176.mtx,power,ilp,,config0,3,False,True,False,,,45.98,3656552,0,,,True
330,config0,power-eris1176.mtx,power,ilp,,config0,4,False,True,False,,,47.77,3656556,0,,,True
434,config0,power-eris1176.mtx,power,ilp,,config0,6,False,True,False,,,44.79,3656556,0,,,True
538,config0,power-eris1176.mtx,power,ilp,,config0,8,False,True,False,,,44.44,3656548,0,,,True
642,config0,power-eris1176.mtx,power,ilp,,config0,10,False,True,False,,,44.92,3656552,0,,,True
746,config0,power-eris1176.mtx,power,ilp,,config0,12,False,True,False,,,46.5,3656552,0,,,True
850,config0,power-eris1176.mtx,power,ilp,,config0,16,False,True,False,,,43.73,3656552,0,,,True
29,config0,road-chesapeake.mtx,road,ilp,,config0,1,False,True,True,39.0,170.0,2.39,84040,0,78.0,809.0,
133,config0,road-chesapeake.mtx,road,ilp,,config0,2,False,True,True,39.0,170.0,11.61,716944,0,78.0,196944.0,
237,config0,road-chesapeake.mtx,road,ilp,,config0,3,False,True,False,,,72.51,3656612,1,,,True
341,config0,road-chesapeake.mtx,road,ilp,,config0,4,False,True,False,,,71.24,3656792,1,,,True
445,config0,road-chesapeake.mtx,road,ilp,,config0,6,False,True,False,,,152.86,3557744,0,,,True
549,config0,road-chesapeake.mtx,road,ilp,,config0,8,False,True,False,,,581.1,3622364,0,,,True
653,config0,road-chesapeake.mtx,road,ilp,,config0,10,False,True,False,,,576.77,3620324,0,,,True
757,config0,road-chesapeake.mtx,road,ilp,,config0,12,False,True,False,,,563.59,3620316,0,,,True
861,config0,road-chesapeake.mtx,road,ilp,,config0,16,False,True,False,,,534.12,3620328,0,,,True
28,config0,road-euroroad.edges,road,ilp,,config0,1,False,True,True,1174.0,1417.0,18.53,1093620,0,2348.0,676878.0,
132,config0,road-euroroad.edges,road,ilp,,config0,2,False,True,False,,,34.79,3728460,0,,,True
236,config0,road-euroroad.edges,road,ilp,,config0,3,False,True,False,,,37.15,3728512,0,,,True
340,config0,road-euroroad.edges,road,ilp,,config0,4,False,True,False,,,36.56,3728512,0,,,True
444,config0,road-euroroad.edges,road,ilp,,config0,6,False,True,False,,,38.38,3728512,0,,,True
548,config0,road-euroroad.edges,road,ilp,,config0,8,False,True,False,,,37.55,3728516,0,,,True
652,config0,road-euroroad.edges,road,ilp,,config0,10,False,True,False,,,35.3,3728516,0,,,True
756,config0,road-euroroad.edges,road,ilp,,config0,12,False,True,False,,,35.32,3728512,0,,,True
860,config0,road-euroroad.edges,road,ilp,,config0,16,False,True,False,,,35.5,3728512,0,,,True
32,config0,road-luxembourg-osm.mtx,road,ilp,,config0,1,False,True,False,,,66.27,3461088,0,,,
136,config0,road-luxembourg-osm.mtx,road,ilp,,config0,2,False,True,False,,,64.89,3656780,0,,,True
240,config0,road-luxembourg-osm.mtx,road,ilp,,config0,3,False,True,False,,,63.58,3656780,0,,,True
344,config0,road-luxembourg-osm.mtx,road,ilp,,config0,4,False,True,False,,,62.11,3656780,0,,,True
448,config0,road-luxembourg-osm.mtx,road,ilp,,config0,6,False,True,False,,,63.59,3656780,0,,,True
552,config0,road-luxembourg-osm.mtx,road,ilp,,config0,8,False,True,False,,,64.25,3656780,0,,,True
656,config0,road-luxembourg-osm.mtx,road,ilp,,config0,10,False,True,False,,,68.59,3656784,0,,,True
760,config0,road-luxembourg-osm.mtx,road,ilp,,config0,12,False,True,False,,,67.94,3656780,0,,,True
864,config0,road-luxembourg-osm.mtx,road,ilp,,config0,16,False,True,False,,,71.37,3656784,0,,,True
31,config0,road-minnesota.mtx,road,ilp,,config0,1,False,True,False,,,42.84,3656496,0,,,True
135,config0,road-minnesota.mtx,road,ilp,,config0,2,False,True,False,,,30.79,3656716,0,,,True
239,config0,road-minnesota.mtx,road,ilp,,config0,3,False,True,False,,,37.66,3658592,0,,,True
343,config0,road-minnesota.mtx,road,ilp,,config0,4,False,True,False,,,37.29,3656544,0,,,True
447,config0,road-minnesota.mtx,road,ilp,,config0,6,False,True,False,,,39.76,3656544,0,,,True
551,config0,road-minnesota.mtx,road,ilp,,config0,8,False,True,False,,,37.41,3656544,0,,,True
655,config0,road-minnesota.mtx,road,ilp,,config0,10,False,True,False,,,40.29,3656540,0,,,True
759,config0,road-minnesota.mtx,road,ilp,,config0,12,False,True,False,,,39.01,3656544,0,,,True
863,config0,road-minnesota.mtx,road,ilp,,config0,16,False,True,False,,,37.03,3656540,0,,,True
30,config0,road-roadNet-PA.mtx,road,ilp,,config0,1,False,True,False,,,405.2,3656784,0,,,True
134,config0,road-roadNet-PA.mtx,road,ilp,,config0,2,False,True,False,,,392.78,3656768,0,,,True
238,config0,road-roadNet-PA.mtx,road,ilp,,config0,3,False,True,False,,,404.16,3656760,0,,,True
342,config0,road-roadNet-PA.mtx,road,ilp,,config0,4,False,True,False,,,395.38,3656784,0,,,True
446,config0,road-roadNet-PA.mtx,road,ilp,,config0,6,False,True,False,,,403.95,3656784,0,,,True
550,config0,road-roadNet-PA.mtx,road,ilp,,config0,8,False,True,False,,,402.49,3656784,0,,,True
654,config0,road-roadNet-PA.mtx,road,ilp,,config0,10,False,True,False,,,416.37,3656792,0,,,True
758,config0,road-roadNet-PA.mtx,road,ilp,,config0,12,False,True,False,,,395.85,3656788,0,,,True
862,config0,road-roadNet-PA.mtx,road,ilp,,config0,16,False,True,False,,,397.06,3656784,0,,,True
65,config0,soc-dolphins.mtx,social,ilp,,config0,1,False,True,True,62.0,159.0,2.32,87740,0,124.0,2013.0,
169,config0,soc-dolphins.mtx,social,ilp,,config0,2,False,True,False,,,63.7,3655728,0,,,True
273,config0,soc-dolphins.mtx,social,ilp,,config0,3,False,True,False,,,41.82,3531204,0,,,True
377,config0,soc-dolphins.mtx,social,ilp,,config0,4,False,True,False,,,40.17,3639552,0,,,True
481,config0,soc-dolphins.mtx,social,ilp,,config0,6,False,True,False,,,48.04,3658656,1,,,True
585,config0,soc-dolphins.mtx,social,ilp,,config0,8,False,True,False,,,48.2,3656612,1,,,True
689,config0,soc-dolphins.mtx,social,ilp,,config0,10,False,True,False,,,46.14,3656616,1,,,True
793,config0,soc-dolphins.mtx,social,ilp,,config0,12,False,True,False,,,47.11,3656612,1,,,True
897,config0,soc-dolphins.mtx,social,ilp,,config0,16,False,True,False,,,49.12,3656612,1,,,True
12,config0,soccer_ball.txt,geometric,ilp,,config0,1,False,True,True,32.0,90.0,1.28,52376,0,64.0,560.0,
116,config0,soccer_ball.txt,geometric,ilp,,config0,2,False,True,True,32.0,90.0,5.94,420812,0,64.0,120722.0,
220,config0,soccer_ball.txt,geometric,ilp,,config0,3,False,True,False,,,47.96,3728620,1,,,True
324,config0,soccer_ball.txt,geometric,ilp,,config0,4,False,True,False,,,46.94,3728580,1,,,True
428,config0,soccer_ball.txt,geometric,ilp,,config0,6,False,True,False,,,137.56,3728424,1,,,True
532,config0,soccer_ball.txt,geometric,ilp,,config0,8,False,True,False,,,1192.4,3728584,1,,,True
636,config0,soccer_ball.txt,geometric,ilp,,config0,10,True,True,True,,,3599.38,1861240,0,,,
740,config0,soccer_ball.txt,geometric,ilp,,config0,12,True,True,True,,,3600.43,419568,0,,,
844,config0,soccer_ball.txt,geometric,ilp,,config0,16,True,True,True,,,3600.43,419580,0,,,
69,config0,socfb-Amherst41.mtx,social,ilp,,config0,1,False,True,False,,,103.87,3656692,0,,,True
173,config0,socfb-Amherst41.mtx,social,ilp,,config0,2,False,True,False,,,108.92,3658608,0,,,True
277,config0,socfb-Amherst41.mtx,social,ilp,,config0,3,False,True,False,,,110.54,3656564,0,,,True
381,config0,socfb-Amherst41.mtx,social,ilp,,config0,4,False,True,False,,,108.87,3656564,0,,,True
485,config0,socfb-Amherst41.mtx,social,ilp,,config0,6,False,True,False,,,105.67,3656556,0,,,True
589,config0,socfb-Amherst41.mtx,social,ilp,,config0,8,False,True,False,,,106.98,3656568,0,,,True
693,config0,socfb-Amherst41.mtx,social,ilp,,config0,10,False,True,False,,,101.98,3656560,0,,,True
797,config0,socfb-Amherst41.mtx,social,ilp,,config0,12,False,True,False,,,106.02,3656556,0,,,True
901,config0,socfb-Amherst41.mtx,social,ilp,,config0,16,False,True,False,,,104.93,3656548,0,,,True
62,config0,socfb-Bowdoin47.mtx,social,ilp,,config0,1,False,True,False,,,97.91,3656544,0,,,True
166,config0,socfb-Bowdoin47.mtx,social,ilp,,config0,2,False,True,False,,,97.97,3656636,0,,,True
270,config0,socfb-Bowdoin47.mtx,social,ilp,,config0,3,False,True,False,,,99.61,3656640,0,,,True
374,config0,socfb-Bowdoin47.mtx,social,ilp,,config0,4,False,True,False,,,100.07,3656648,0,,,True
478,config0,socfb-Bowdoin47.mtx,social,ilp,,config0,6,False,True,False,,,90.23,3656644,0,,,True
582,config0,socfb-Bowdoin47.mtx,social,ilp,,config0,8,False,True,False,,,89.74,3656656,0,,,True
686,config0,socfb-Bowdoin47.mtx,social,ilp,,config0,10,False,True,False,,,88.74,3656660,0,,,True
790,config0,socfb-Bowdoin47.mtx,social,ilp,,config0,12,False,True,False,,,87.34,3656624,0,,,True
894,config0,socfb-Bowdoin47.mtx,social,ilp,,config0,16,False,True,False,,,86.37,3656660,0,,,True
78,config0,socfb-Caltech36.mtx,social,ilp,,config0,1,False,True,False,,,53.26,3257988,0,,,
182,config0,socfb-Caltech36.mtx,social,ilp,,config0,2,False,True,False,,,33.33,3656524,0,,,True
286,config0,socfb-Caltech36.mtx,social,ilp,,config0,3,False,True,False,,,38.87,3656672,0,,,True
390,config0,socfb-Caltech36.mtx,social,ilp,,config0,4,False,True,False,,,39.0,3656680,0,,,True
494,config0,socfb-Caltech36.mtx,social,ilp,,config0,6,False,True,False,,,38.88,3656676,0,,,True
598,config0,socfb-Caltech36.mtx,social,ilp,,config0,8,False,True,False,,,40.86,3658720,0,,,True
702,config0,socfb-Caltech36.mtx,social,ilp,,config0,10,False,True,False,,,40.63,3656676,0,,,True
806,config0,socfb-Caltech36.mtx,social,ilp,,config0,12,False,True,False,,,40.27,3656680,0,,,True
910,config0,socfb-Caltech36.mtx,social,ilp,,config0,16,False,True,False,,,41.97,3656672,0,,,True
64,config0,socfb-Colgate88.mtx,social,ilp,,config0,1,False,True,False,,,173.14,3658804,0,,,True
168,config0,socfb-Colgate88.mtx,social,ilp,,config0,2,False,True,False,,,164.35,3656756,0,,,True
272,config0,socfb-Colgate88.mtx,social,ilp,,config0,3,False,True,False,,,162.82,3658800,0,,,True
376,config0,socfb-Colgate88.mtx,social,ilp,,config0,4,False,True,False,,,154.58,3656748,0,,,True
480,config0,socfb-Colgate88.mtx,social,ilp,,config0,6,False,True,False,,,152.22,3656760,0,,,True
584,config0,socfb-Colgate88.mtx,social,ilp,,config0,8,False,True,False,,,149.98,3656748,0,,,True
688,config0,socfb-Colgate88.mtx,social,ilp,,config0,10,False,True,False,,,155.51,3656752,0,,,True
792,config0,socfb-Colgate88.mtx,social,ilp,,config0,12,False,True,False,,,145.88,3656748,0,,,True
896,config0,socfb-Colgate88.mtx,social,ilp,,config0,16,False,True,False,,,146.79,3656752,0,,,True
74,config0,socfb-Hamilton46.mtx,social,ilp,,config0,1,False,True,False,,,109.0,3656760,0,,,True
178,config0,socfb-Hamilton46.mtx,social,ilp,,config0,2,False,True,False,,,112.52,3658820,0,,,True
282,config0,socfb-Hamilton46.mtx,social,ilp,,config0,3,False,True,False,,,109.95,3656776,0,,,True
386,config0,socfb-Hamilton46.mtx,social,ilp,,config0,4,False,True,False,,,106.99,3656760,0,,,True
490,config0,socfb-Hamilton46.mtx,social,ilp,,config0,6,False,True,False,,,111.7,3656780,0,,,True
594,config0,socfb-Hamilton46.mtx,social,ilp,,config0,8,False,True,False,,,103.38,3656772,0,,,True
698,config0,socfb-Hamilton46.mtx,social,ilp,,config0,10,False,True,False,,,106.85,3656772,0,,,True
802,config0,socfb-Hamilton46.mtx,social,ilp,,config0,12,False,True,False,,,105.3,3656780,0,,,True
906,config0,socfb-Hamilton46.mtx,social,ilp,,config0,16,False,True,False,,,104.1,3656772,0,,,True
66,config0,socfb-Haverford76.mtx,social,ilp,,config0,1,False,True,False,,,91.04,3656728,0,,,True
170,config0,socfb-Haverford76.mtx,social,ilp,,config0,2,False,True,False,,,79.84,3656692,0,,,True
274,config0,socfb-Haverford76.mtx,social,ilp,,config0,3,False,True,False,,,78.69,3656704,0,,,True
378,config0,socfb-Haverford76.mtx,social,ilp,,config0,4,False,True,False,,,80.57,3656696,0,,,True
482,config0,socfb-Haverford76.mtx,social,ilp,,config0,6,False,True,False,,,81.92,3656704,0,,,True
586,config0,socfb-Haverford76.mtx,social,ilp,,config0,8,False,True,False,,,79.86,3656704,0,,,True
690,config0,socfb-Haverford76.mtx,social,ilp,,config0,10,False,True,False,,,80.03,3656700,0,,,True
794,config0,socfb-Haverford76.mtx,social,ilp,,config0,12,False,True,False,,,79.16,3656704,0,,,True
898,config0,socfb-Haverford76.mtx,social,ilp,,config0,16,False,True,False,,,78.76,3656708,0,,,True
67,config0,socfb-Mich67.mtx,social,ilp,,config0,1,False,True,False,,,76.69,3656644,0,,,True
171,config0,socfb-Mich67.mtx,social,ilp,,config0,2,False,True,False,,,72.38,3656740,0,,,True
275,config0,socfb-Mich67.mtx,social,ilp,,config0,3,False,True,False,,,71.87,3656756,0,,,True
379,config0,socfb-Mich67.mtx,social,ilp,,config0,4,False,True,False,,,79.27,3658784,0,,,True
483,config0,socfb-Mich67.mtx,social,ilp,,config0,6,False,True,False,,,82.12,3656752,0,,,True
587,config0,socfb-Mich67.mtx,social,ilp,,config0,8,False,True,False,,,81.21,3656760,0,,,True
691,config0,socfb-Mich67.mtx,social,ilp,,config0,10,False,True,False,,,76.95,3656748,0,,,True
795,config0,socfb-Mich67.mtx,social,ilp,,config0,12,False,True,False,,,77.68,3656748,0,,,True
899,config0,socfb-Mich67.mtx,social,ilp,,config0,16,False,True,False,,,73.14,3656752,0,,,True
81,config0,socfb-Middlebury45.mtx,social,ilp,,config0,1,False,True,False,,,138.93,3656620,0,,,True
185,config0,socfb-Middlebury45.mtx,social,ilp,,config0,2,False,True,False,,,132.79,3656612,0,,,True
289,config0,socfb-Middlebury45.mtx,social,ilp,,config0,3,False,True,False,,,129.21,3656616,0,,,True
393,config0,socfb-Middlebury45.mtx,social,ilp,,config0,4,False,True,False,,,127.4,3656628,0,,,True
497,config0,socfb-Middlebury45.mtx,social,ilp,,config0,6,False,True,False,,,123.34,3656628,0,,,True
601,config0,socfb-Middlebury45.mtx,social,ilp,,config0,8,False,True,False,,,120.37,3656628,0,,,True
705,config0,socfb-Middlebury45.mtx,social,ilp,,config0,10,False,True,False,,,120.42,3656620,0,,,True
809,config0,socfb-Middlebury45.mtx,social,ilp,,config0,12,False,True,False,,,137.94,3656636,0,,,True
913,config0,socfb-Middlebury45.mtx,social,ilp,,config0,16,False,True,False,,,137.72,3656616,0,,,True
70,config0,socfb-Oberlin44.mtx,social,ilp,,config0,1,False,True,False,,,76.29,3656640,0,,,True
174,config0,socfb-Oberlin44.mtx,social,ilp,,config0,2,False,True,False,,,73.15,3656712,0,,,True
278,config0,socfb-Oberlin44.mtx,social,ilp,,config0,3,False,True,False,,,73.3,3656724,0,,,True
382,config0,socfb-Oberlin44.mtx,social,ilp,,config0,4,False,True,False,,,74.83,3656708,0,,,True
486,config0,socfb-Oberlin44.mtx,social,ilp,,config0,6,False,True,False,,,75.23,3656708,0,,,True
590,config0,socfb-Oberlin44.mtx,social,ilp,,config0,8,False,True,False,,,91.54,3658760,0,,,True
694,config0,socfb-Oberlin44.mtx,social,ilp,,config0,10,False,True,False,,,93.15,3656708,0,,,True
798,config0,socfb-Oberlin44.mtx,social,ilp,,config0,12,False,True,False,,,87.12,3656724,0,,,True
902,config0,socfb-Oberlin44.mtx,social,ilp,,config0,16,False,True,False,,,85.77,3656724,0,,,True
71,config0,socfb-Pepperdine86.mtx,social,ilp,,config0,1,False,True,False,,,180.18,3656600,0,,,True
175,config0,socfb-Pepperdine86.mtx,social,ilp,,config0,2,False,True,False,,,168.75,3656728,0,,,True
279,config0,socfb-Pepperdine86.mtx,social,ilp,,config0,3,False,True,False,,,176.16,3656716,0,,,True
383,config0,socfb-Pepperdine86.mtx,social,ilp,,config0,4,False,True,False,,,171.23,3656720,0,,,True
487,config0,socfb-Pepperdine86.mtx,social,ilp,,config0,6,False,True,False,,,175.68,3656732,0,,,True
591,config0,socfb-Pepperdine86.mtx,social,ilp,,config0,8,False,True,False,,,197.01,3656732,0,,,True
695,config0,socfb-Pepperdine86.mtx,social,ilp,,config0,10,False,True,False,,,189.34,3656724,0,,,True
799,config0,socfb-Pepperdine86.mtx,social,ilp,,config0,12,False,True,False,,,177.57,3656720,0,,,True
903,config0,socfb-Pepperdine86.mtx,social,ilp,,config0,16,False,True,False,,,170.83,3656724,0,,,True
72,config0,socfb-Reed98.mtx,social,ilp,,config0,1,False,True,False,,,39.28,3656780,0,,,True
176,config0,socfb-Reed98.mtx,social,ilp,,config0,2,False,True,False,,,32.41,3656664,0,,,True
280,config0,socfb-Reed98.mtx,social,ilp,,config0,3,False,True,False,,,34.86,3656584,0,,,True
384,config0,socfb-Reed98.mtx,social,ilp,,config0,4,False,True,False,,,36.0,3658624,0,,,True
488,config0,socfb-Reed98.mtx,social,ilp,,config0,6,False,True,False,,,36.75,3656584,0,,,True
592,config0,socfb-Reed98.mtx,social,ilp,,config0,8,False,True,False,,,38.44,3656592,0,,,True
696,config0,socfb-Reed98.mtx,social,ilp,,config0,10,False,True,False,,,36.58,3656584,0,,,True
800,config0,socfb-Reed98.mtx,social,ilp,,config0,12,False,True,False,,,36.0,3656572,0,,,True
904,config0,socfb-Reed98.mtx,social,ilp,,config0,16,False,True,False,,,35.17,3656596,0,,,True
77,config0,socfb-Simmons81.mtx,social,ilp,,config0,1,False,True,False,,,43.01,3656624,0,,,True
181,config0,socfb-Simmons81.mtx,social,ilp,,config0,2,False,True,False,,,41.61,3658612,0,,,True
285,config0,socfb-Simmons81.mtx,social,ilp,,config0,3,False,True,False,,,41.71,3656568,0,,,True
389,config0,socfb-Simmons81.mtx,social,ilp,,config0,4,False,True,False,,,41.73,3656568,0,,,True
493,config0,socfb-Simmons81.mtx,social,ilp,,config0,6,False,True,False,,,42.11,3656560,0,,,True
597,config0,socfb-Simmons81.mtx,social,ilp,,config0,8,False,True,False,,,42.24,3656564,0,,,True
701,config0,socfb-Simmons81.mtx,social,ilp,,config0,10,False,True,False,,,43.34,3658608,0,,,True
805,config0,socfb-Simmons81.mtx,social,ilp,,config0,12,False,True,False,,,40.91,3656576,0,,,True
909,config0,socfb-Simmons81.mtx,social,ilp,,config0,16,False,True,False,,,39.62,3656580,0,,,True
79,config0,socfb-Smith60.mtx,social,ilp,,config0,1,False,True,False,,,88.16,3656564,0,,,True
183,config0,socfb-Smith60.mtx,social,ilp,,config0,2,False,True,False,,,81.56,3656556,0,,,True
287,config0,socfb-Smith60.mtx,social,ilp,,config0,3,False,True,False,,,83.2,3656556,0,,,True
391,config0,socfb-Smith60.mtx,social,ilp,,config0,4,False,True,False,,,96.25,3658596,0,,,True
495,config0,socfb-Smith60.mtx,social,ilp,,config0,6,False,True,False,,,97.04,3656556,0,,,True
599,config0,socfb-Smith60.mtx,social,ilp,,config0,8,False,True,False,,,92.72,3656548,0,,,True
703,config0,socfb-Smith60.mtx,social,ilp,,config0,10,False,True,False,,,95.0,3656536,0,,,True
807,config0,socfb-Smith60.mtx,social,ilp,,config0,12,False,True,False,,,93.17,3656532,0,,,True
911,config0,socfb-Smith60.mtx,social,ilp,,config0,16,False,True,False,,,90.88,3656544,0,,,True
82,config0,socfb-Swarthmore42.mtx,social,ilp,,config0,1,False,True,False,,,82.4,3656760,0,,,True
186,config0,socfb-Swarthmore42.mtx,social,ilp,,config0,2,False,True,False,,,77.87,3656684,0,,,True
290,config0,socfb-Swarthmore42.mtx,social,ilp,,config0,3,False,True,False,,,77.32,3656656,0,,,True
394,config0,socfb-Swarthmore42.mtx,social,ilp,,config0,4,False,True,False,,,75.07,3656676,0,,,True
498,config0,socfb-Swarthmore42.mtx,social,ilp,,config0,6,False,True,False,,,74.99,3656684,0,,,True
602,config0,socfb-Swarthmore42.mtx,social,ilp,,config0,8,False,True,False,,,73.29,3656668,0,,,True
706,config0,socfb-Swarthmore42.mtx,social,ilp,,config0,10,False,True,False,,,70.99,3656668,0,,,True
810,config0,socfb-Swarthmore42.mtx,social,ilp,,config0,12,False,True,False,,,69.57,3656676,0,,,True
914,config0,socfb-Swarthmore42.mtx,social,ilp,,config0,16,False,True,False,,,69.9,3656680,0,,,True
80,config0,socfb-Trinity100.mtx,social,ilp,,config0,1,False,True,False,,,109.71,3656672,0,,,True
184,config0,socfb-Trinity100.mtx,social,ilp,,config0,2,False,True,False,,,104.03,3656668,0,,,True
288,config0,socfb-Trinity100.mtx,social,ilp,,config0,3,False,True,False,,,104.98,3656672,0,,,True
392,config0,socfb-Trinity100.mtx,social,ilp,,config0,4,False,True,False,,,104.27,3656668,0,,,True
496,config0,socfb-Trinity100.mtx,social,ilp,,config0,6,False,True,False,,,104.2,3656656,0,,,True
600,config0,socfb-Trinity100.mtx,social,ilp,,config0,8,False,True,False,,,102.4,3656668,0,,,True
704,config0,socfb-Trinity100.mtx,social,ilp,,config0,10,False,True,False,,,102.79,3656664,0,,,True
808,config0,socfb-Trinity100.mtx,social,ilp,,config0,12,False,True,False,,,105.8,3656676,0,,,True
912,config0,socfb-Trinity100.mtx,social,ilp,,config0,16,False,True,False,,,136.48,3658712,0,,,True
68,config0,socfb-USFCA72.mtx,social,ilp,,config0,1,False,True,False,,,65.97,3656740,0,,,True
172,config0,socfb-USFCA72.mtx,social,ilp,,config0,2,False,True,False,,,62.18,3656680,0,,,True
276,config0,socfb-USFCA72.mtx,social,ilp,,config0,3,False,True,False,,,61.91,3658736,0,,,True
380,config0,socfb-USFCA72.mtx,social,ilp,,config0,4,False,True,False,,,59.28,3656688,0,,,True
484,config0,socfb-USFCA72.mtx,social,ilp,,config0,6,False,True,False,,,59.81,3656688,0,,,True
588,config0,socfb-USFCA72.mtx,social,ilp,,config0,8,False,True,False,,,60.08,3656688,0,,,True
692,config0,socfb-USFCA72.mtx,social,ilp,,config0,10,False,True,False,,,59.34,3656692,0,,,True
796,config0,socfb-USFCA72.mtx,social,ilp,,config0,12,False,True,False,,,59.17,3656688,0,,,True
900,config0,socfb-USFCA72.mtx,social,ilp,,config0,16,False,True,False,,,59.91,3656692,0,,,True
63,config0,socfb-Vassar85.mtx,social,ilp,,config0,1,False,True,False,,,109.77,3658744,0,,,True
167,config0,socfb-Vassar85.mtx,social,ilp,,config0,2,False,True,False,,,110.52,3656632,0,,,True
271,config0,socfb-Vassar85.mtx,social,ilp,,config0,3,False,True,False,,,106.34,3656640,0,,,True
375,config0,socfb-Vassar85.mtx,social,ilp,,config0,4,False,True,False,,,105.93,3656624,0,,,True
479,config0,socfb-Vassar85.mtx,social,ilp,,config0,6,False,True,False,,,106.82,3656644,0,,,True
583,config0,socfb-Vassar85.mtx,social,ilp,,config0,8,False,True,False,,,106.1,3656640,0,,,True
687,config0,socfb-Vassar85.mtx,social,ilp,,config0,10,False,True,False,,,105.86,3656632,0,,,True
791,config0,socfb-Vassar85.mtx,social,ilp,,config0,12,False,True,False,,,106.32,3656624,0,,,True
895,config0,socfb-Vassar85.mtx,social,ilp,,config0,16,False,True,False,,,108.59,3656636,0,,,True
73,config0,socfb-Wellesley22.mtx,social,ilp,,config0,1,False,True,False,,,77.26,3656548,0,,,True
177,config0,socfb-Wellesley22.mtx,social,ilp,,config0,2,False,True,False,,,75.7,3656660,0,,,True
281,config0,socfb-Wellesley22.mtx,social,ilp,,config0,3,False,True,False,,,90.7,3656660,0,,,True
385,config0,socfb-Wellesley22.mtx,social,ilp,,config0,4,False,True,False,,,88.4,3656660,0,,,True
489,config0,socfb-Wellesley22.mtx,social,ilp,,config0,6,False,True,False,,,87.21,3656652,0,,,True
593,config0,socfb-Wellesley22.mtx,social,ilp,,config0,8,False,True,False,,,87.71,3656652,0,,,True
697,config0,socfb-Wellesley22.mtx,social,ilp,,config0,10,False,True,False,,,84.42,3656656,0,,,True
801,config0,socfb-Wellesley22.mtx,social,ilp,,config0,12,False,True,False,,,83.33,3656652,0,,,True
905,config0,socfb-Wellesley22.mtx,social,ilp,,config0,16,False,True,False,,,83.4,3656652,0,,,True
75,config0,socfb-Williams40.mtx,social,ilp,,config0,1,False,True,False,,,118.33,3656636,0,,,True
179,config0,socfb-Williams40.mtx,social,ilp,,config0,2,False,True,False,,,113.96,3656704,0,,,True
283,config0,socfb-Williams40.mtx,social,ilp,,config0,3,False,True,False,,,112.91,3656724,0,,,True
387,config0,socfb-Williams40.mtx,social,ilp,,config0,4,False,True,False,,,117.4,3656732,0,,,True
491,config0,socfb-Williams40.mtx,social,ilp,,config0,6,False,True,False,,,129.19,3658764,0,,,True
595,config0,socfb-Williams40.mtx,social,ilp,,config0,8,False,True,False,,,126.47,3656716,0,,,True
699,config0,socfb-Williams40.mtx,social,ilp,,config0,10,False,True,False,,,125.35,3656716,0,,,True
803,config0,socfb-Williams40.mtx,social,ilp,,config0,12,False,True,False,,,125.1,3656724,0,,,True
907,config0,socfb-Williams40.mtx,social,ilp,,config0,16,False,True,False,,,117.67,3656728,0,,,True
76,config0,socfb-nips-ego.edges,social,ilp,,config0,1,False,True,False,,,51.45,3727164,0,,,True
180,config0,socfb-nips-ego.edges,social,ilp,,config0,2,False,True,False,,,10.84,3728276,0,,,True
284,config0,socfb-nips-ego.edges,social,ilp,,config0,3,False,True,False,,,10.99,3728268,0,,,True
388,config0,socfb-nips-ego.edges,social,ilp,,config0,4,False,True,False,,,11.2,3728264,0,,,True
492,config0,socfb-nips-ego.edges,social,ilp,,config0,6,False,True,False,,,11.08,3728280,0,,,True
596,config0,socfb-nips-ego.edges,social,ilp,,config0,8,False,True,False,,,10.92,3728272,0,,,True
700,config0,socfb-nips-ego.edges,social,ilp,,config0,10,False,True,False,,,10.97,3728272,0,,,True
804,config0,socfb-nips-ego.edges,social,ilp,,config0,12,False,True,False,,,10.81,3728276,0,,,True
908,config0,socfb-nips-ego.edges,social,ilp,,config0,16,False,True,False,,,11.22,3728280,0,,,True
38,config0,web-EPA.edges,webgraph,ilp,,config0,1,False,True,False,,,38.49,3728616,0,,,True
142,config0,web-EPA.edges,webgraph,ilp,,config0,2,False,True,False,,,20.01,3728420,0,,,True
246,config0,web-EPA.edges,webgraph,ilp,,config0,3,False,True,False,,,20.03,3728428,0,,,True
350,config0,web-EPA.edges,webgraph,ilp,,config0,4,False,True,False,,,19.89,3728392,0,,,True
454,config0,web-EPA.edges,webgraph,ilp,,config0,6,False,True,False,,,19.68,3728428,0,,,True
558,config0,web-EPA.edges,webgraph,ilp,,config0,8,False,True,False,,,20.12,3728420,0,,,True
662,config0,web-EPA.edges,webgraph,ilp,,config0,10,False,True,False,,,19.8,3728428,0,,,True
766,config0,web-EPA.edges,webgraph,ilp,,config0,12,False,True,False,,,22.93,3728408,0,,,True
870,config0,web-EPA.edges,webgraph,ilp,,config0,16,False,True,False,,,21.72,3728396,0,,,True
40,config0,web-edu.mtx,webgraph,ilp,,config0,1,False,True,False,,,52.81,3656636,0,,,True
144,config0,web-edu.mtx,webgraph,ilp,,config0,2,False,True,False,,,34.17,3656680,0,,,True
248,config0,web-edu.mtx,webgraph,ilp,,config0,3,False,True,False,,,36.67,3656684,0,,,True
352,config0,web-edu.mtx,webgraph,ilp,,config0,4,False,True,False,,,36.52,3656684,0,,,True
456,config0,web-edu.mtx,webgraph,ilp,,config0,6,False,True,False,,,34.32,3656680,0,,,True
560,config0,web-edu.mtx,webgraph,ilp,,config0,8,False,True,False,,,37.08,3656672,0,,,True
664,config0,web-edu.mtx,webgraph,ilp,,config0,10,False,True,False,,,34.0,3656680,0,,,True
768,config0,web-edu.mtx,webgraph,ilp,,config0,12,False,True,False,,,34.25,3656688,0,,,True
872,config0,web-edu.mtx,webgraph,ilp,,config0,16,False,True,False,,,35.74,3656680,0,,,True
41,config0,web-indochina-2004.mtx,webgraph,ilp,,config0,1,False,True,False,,,63.28,3656728,0,,,True
145,config0,web-indochina-2004.mtx,webgraph,ilp,,config0,2,False,True,False,,,62.55,3656708,0,,,True
249,config0,web-indochina-2004.mtx,webgraph,ilp,,config0,3,False,True,False,,,60.92,3656704,0,,,True
353,config0,web-indochina-2004.mtx,webgraph,ilp,,config0,4,False,True,False,,,63.61,3656696,0,,,True
457,config0,web-indochina-2004.mtx,webgraph,ilp,,config0,6,False,True,False,,,62.86,3656712,0,,,True
561,config0,web-indochina-2004.mtx,webgraph,ilp,,config0,8,False,True,False,,,62.06,3656708,0,,,True
665,config0,web-indochina-2004.mtx,webgraph,ilp,,config0,10,False,True,False,,,61.63,3656712,0,,,True
769,config0,web-indochina-2004.mtx,webgraph,ilp,,config0,12,False,True,False,,,61.33,3656712,0,,,True
873,config0,web-indochina-2004.mtx,webgraph,ilp,,config0,16,False,True,False,,,61.11,3656712,0,,,True
39,config0,web-spam.mtx,webgraph,ilp,,config0,1,False,True,False,,,52.66,3656592,0,,,True
143,config0,web-spam.mtx,webgraph,ilp,,config0,2,False,True,False,,,47.39,3656692,0,,,True
247,config0,web-spam.mtx,webgraph,ilp,,config0,3,False,True,False,,,46.15,3656688,0,,,True
351,config0,web-spam.mtx,webgraph,ilp,,config0,4,False,True,False,,,47.57,3656684,0,,,True
455,config0,web-spam.mtx,webgraph,ilp,,config0,6,False,True,False,,,45.46,3656680,0,,,True
559,config0,web-spam.mtx,webgraph,ilp,,config0,8,False,True,False,,,45.3,3656680,0,,,True
663,config0,web-spam.mtx,webgraph,ilp,,config0,10,False,True,False,,,43.75,3656684,0,,,True
767,config0,web-spam.mtx,webgraph,ilp,,config0,12,False,True,False,,,44.31,3656688,0,,,True
871,config0,web-spam.mtx,webgraph,ilp,,config0,16,False,True,False,,,44.52,3656684,0,,,True
42,config0,web-webbase-2001.mtx,webgraph,ilp,,config0,1,False,True,False,,,46.88,3656712,0,,,True
146,config0,web-webbase-2001.mtx,webgraph,ilp,,config0,2,False,True,False,,,41.79,3656692,0,,,True
250,config0,web-webbase-2001.mtx,webgraph,ilp,,config0,3,False,True,False,,,42.0,3656656,0,,,True
354,config0,web-webbase-2001.mtx,webgraph,ilp,,config0,4,False,True,False,,,42.46,3656620,0,,,True
458,config0,web-webbase-2001.mtx,webgraph,ilp,,config0,6,False,True,False,,,41.38,3656684,0,,,True
562,config0,web-webbase-2001.mtx,webgraph,ilp,,config0,8,False,True,False,,,42.08,3656656,0,,,True
666,config0,web-webbase-2001.mtx,webgraph,ilp,,config0,10,False,True,False,,,46.75,3658700,0,,,True
770,config0,web-webbase-2001.mtx,webgraph,ilp,,config0,12,False,True,False,,,44.36,3656624,0,,,True
874,config0,web-webbase-2001.mtx,webgraph,ilp,,config0,16,False,True,False,,,46.35,3656688,0,,,True
8,config1,MadridAdj.txt,kaustav,ilp,,config1,1,False,True,True,54.0,226.0,1.36,52736,0,108.0,766.0,
112,config1,MadridAdj.txt,kaustav,ilp,,config1,2,False,True,True,54.0,226.0,11.73,52104,0,108.0,214.0,
216,config1,MadridAdj.txt,kaustav,ilp,,config1,3,True,True,True,,,3600.56,49480,0,,,
320,config1,MadridAdj.txt,kaustav,ilp,,config1,4,True,True,True,,,3598.92,49484,0,,,
424,config1,MadridAdj.txt,kaustav,ilp,,config1,6,True,True,True,,,3599.77,49476,0,,,
528,config1,MadridAdj.txt,kaustav,ilp,,config1,8,True,True,True,,,3599.38,49472,0,,,
632,config1,MadridAdj.txt,kaustav,ilp,,config1,10,True,True,True,,,3599.75,49468,0,,,
736,config1,MadridAdj.txt,kaustav,ilp,,config1,12,True,True,True,,,3598.9,49468,0,,,
840,config1,MadridAdj.txt,kaustav,ilp,,config1,16,True,True,True,,,3599.34,49472,0,,,
7,config1,ParisAdj.txt,kaustav,ilp,,config1,1,False,True,True,10.0,14.0,1.16,51864,0,20.0,42.0,
111,config1,ParisAdj.txt,kaustav,ilp,,config1,2,False,True,True,10.0,14.0,1.18,51860,0,20.0,29.0,
215,config1,ParisAdj.txt,kaustav,ilp,,config1,3,False,True,True,10.0,14.0,1.27,51856,0,20.0,28.0,
319,config1,ParisAdj.txt,kaustav,ilp,,config1,4,False,True,True,10.0,14.0,1.64,51864,0,20.0,28.0,
423,config1,ParisAdj.txt,kaustav,ilp,,config1,6,False,True,True,10.0,14.0,3.47,51860,0,20.0,28.0,
527,config1,ParisAdj.txt,kaustav,ilp,,config1,8,False,True,True,10.0,14.0,4.43,51856,0,20.0,28.0,
631,config1,ParisAdj.txt,kaustav,ilp,,config1,10,False,True,True,10.0,14.0,4.75,51952,0,20.0,28.0,
735,config1,ParisAdj.txt,kaustav,ilp,,config1,12,False,True,True,10.0,14.0,4.44,51856,0,20.0,28.0,
839,config1,ParisAdj.txt,kaustav,ilp,,config1,16,False,True,True,10.0,14.0,4.47,51864,0,20.0,28.0,
9,config1,PhilippineAdj.txt,kaustav,ilp,,config1,1,False,True,True,14.0,51.0,1.18,51900,0,28.0,58.0,
113,config1,PhilippineAdj.txt,kaustav,ilp,,config1,2,False,True,True,14.0,51.0,1.23,51896,0,28.0,82.0,
217,config1,PhilippineAdj.txt,kaustav,ilp,,config1,3,False,True,True,14.0,51.0,1.94,51892,0,28.0,41.0,
321,config1,PhilippineAdj.txt,kaustav,ilp,,config1,4,False,True,True,14.0,51.0,9.26,51888,0,28.0,41.0,
425,config1,PhilippineAdj.txt,kaustav,ilp,,config1,6,False,True,True,14.0,51.0,170.52,51884,0,28.0,41.0,
529,config1,PhilippineAdj.txt,kaustav,ilp,,config1,8,False,True,True,14.0,51.0,694.69,51880,0,28.0,41.0,
633,config1,PhilippineAdj.txt,kaustav,ilp,,config1,10,False,True,True,14.0,51.0,1110.67,51884,0,28.0,41.0,
737,config1,PhilippineAdj.txt,kaustav,ilp,,config1,12,False,True,True,14.0,51.0,1151.45,51892,0,28.0,41.0,
841,config1,PhilippineAdj.txt,kaustav,ilp,,config1,16,False,True,True,14.0,51.0,1181.9,51892,0,28.0,41.0,
10,config1,ZerkaniAdj.txt,kaustav,ilp,,config1,1,False,True,True,39.0,89.0,1.28,52016,0,78.0,366.0,
114,config1,ZerkaniAdj.txt,kaustav,ilp,,config1,2,False,True,True,39.0,89.0,3.79,52000,0,78.0,125.0,
218,config1,ZerkaniAdj.txt,kaustav,ilp,,config1,3,False,True,True,39.0,89.0,485.84,51264,0,78.0,112.0,
322,config1,ZerkaniAdj.txt,kaustav,ilp,,config1,4,True,True,True,,,3589.13,49356,0,,,
426,config1,ZerkaniAdj.txt,kaustav,ilp,,config1,6,True,True,True,,,3589.56,49352,0,,,
530,config1,ZerkaniAdj.txt,kaustav,ilp,,config1,8,True,True,True,,,3591.29,49352,0,,,
634,config1,ZerkaniAdj.txt,kaustav,ilp,,config1,10,True,True,True,,,3591.5,49348,0,,,
738,config1,ZerkaniAdj.txt,kaustav,ilp,,config1,12,True,True,True,,,3589.91,49356,0,,,
842,config1,ZerkaniAdj.txt,kaustav,ilp,,config1,16,True,True,True,,,3590.57,49352,0,,,
60,config1,ca-CondMat.mtx,collaboration,ilp,,config1,1,True,True,True,,,3581.45,251656,0,,,
164,config1,ca-CondMat.mtx,collaboration,ilp,,config1,2,True,True,True,,,3596.68,220236,0,,,
268,config1,ca-CondMat.mtx,collaboration,ilp,,config1,3,True,True,True,,,3596.29,220220,0,,,
372,config1,ca-CondMat.mtx,collaboration,ilp,,config1,4,True,True,True,,,3597.54,220216,0,,,
476,config1,ca-CondMat.mtx,collaboration,ilp,,config1,6,True,True,True,,,3599.85,220220,0,,,
580,config1,ca-CondMat.mtx,collaboration,ilp,,config1,8,True,True,True,,,3598.64,220208,0,,,
684,config1,ca-CondMat.mtx,collaboration,ilp,,config1,10,True,True,True,,,3598.91,218432,0,,,
788,config1,ca-CondMat.mtx,collaboration,ilp,,config1,12,True,True,True,,,3598.77,220228,0,,,
892,config1,ca-CondMat.mtx,collaboration,ilp,,config1,16,True,True,True,,,3598.79,218400,0,,,
61,config1,ca-Erdos992.mtx,collaboration,ilp,,config1,1,True,True,True,,,3599.64,136332,0,,,
165,config1,ca-Erdos992.mtx,collaboration,ilp,,config1,2,True,True,True,,,3599.7,102252,0,,,
269,config1,ca-Erdos992.mtx,collaboration,ilp,,config1,3,True,True,True,,,3599.52,102500,0,,,
373,config1,ca-Erdos992.mtx,collaboration,ilp,,config1,4,True,True,True,,,3600.23,102332,0,,,
477,config1,ca-Erdos992.mtx,collaboration,ilp,,config1,6,True,True,True,,,3600.11,104112,0,,,
581,config1,ca-Erdos992.mtx,collaboration,ilp,,config1,8,True,True,True,,,3600.32,104208,0,,,
685,config1,ca-Erdos992.mtx,collaboration,ilp,,config1,10,True,True,True,,,3587.19,104124,0,,,
789,config1,ca-Erdos992.mtx,collaboration,ilp,,config1,12,True,True,True,,,3592.36,102496,0,,,
893,config1,ca-Erdos992.mtx,collaboration,ilp,,config1,16,True,True,True,,,3592.57,102228,0,,,
59,config1,ca-GrQc.mtx,collaboration,ilp,,config1,1,True,True,True,,,3599.88,156712,0,,,
163,config1,ca-GrQc.mtx,collaboration,ilp,,config1,2,True,True,True,,,3599.32,101532,0,,,
267,config1,ca-GrQc.mtx,collaboration,ilp,,config1,3,True,True,True,,,3599.96,101348,0,,,
371,config1,ca-GrQc.mtx,collaboration,ilp,,config1,4,True,True,True,,,3599.77,101216,0,,,
475,config1,ca-GrQc.mtx,collaboration,ilp,,config1,6,True,True,True,,,3599.62,101456,0,,,
579,config1,ca-GrQc.mtx,collaboration,ilp,,config1,8,True,True,True,,,3587.65,103276,0,,,
683,config1,ca-GrQc.mtx,collaboration,ilp,,config1,10,True,True,True,,,3579.18,101548,0,,,
787,config1,ca-GrQc.mtx,collaboration,ilp,,config1,12,True,True,True,,,3590.0,101296,0,,,
891,config1,ca-GrQc.mtx,collaboration,ilp,,config1,16,True,True,True,,,3589.42,101296,0,,,
58,config1,ca-citeseer.mtx,collaboration,ilp,,config1,1,True,True,True,,,3598.2,1416040,0,,,
162,config1,ca-citeseer.mtx,collaboration,ilp,,config1,2,True,True,True,,,3599.17,1420496,0,,,
266,config1,ca-citeseer.mtx,collaboration,ilp,,config1,3,True,True,True,,,3598.36,1421000,0,,,
370,config1,ca-citeseer.mtx,collaboration,ilp,,config1,4,True,True,True,,,3599.37,1420804,0,,,
474,config1,ca-citeseer.mtx,collaboration,ilp,,config1,6,True,True,True,,,3598.4,1419760,0,,,
578,config1,ca-citeseer.mtx,collaboration,ilp,,config1,8,True,True,True,,,3599.11,1420936,0,,,
682,config1,ca-citeseer.mtx,collaboration,ilp,,config1,10,True,True,True,,,3584.37,1420660,0,,,
786,config1,ca-citeseer.mtx,collaboration,ilp,,config1,12,True,True,True,,,3588.51,1421000,0,,,
890,config1,ca-citeseer.mtx,collaboration,ilp,,config1,16,True,True,True,,,3589.58,1420564,0,,,
57,config1,ca-dblp-2010.mtx,collaboration,ilp,,config1,1,True,True,True,,,3587.96,1323220,0,,,
161,config1,ca-dblp-2010.mtx,collaboration,ilp,,config1,2,True,True,True,,,3592.21,1318000,0,,,
265,config1,ca-dblp-2010.mtx,collaboration,ilp,,config1,3,True,True,True,,,3594.73,1319704,0,,,
369,config1,ca-dblp-2010.mtx,collaboration,ilp,,config1,4,True,True,True,,,3597.54,1318472,0,,,
473,config1,ca-dblp-2010.mtx,collaboration,ilp,,config1,6,True,True,True,,,3598.33,1319772,0,,,
577,config1,ca-dblp-2010.mtx,collaboration,ilp,,config1,8,True,True,True,,,3598.69,1318808,0,,,
681,config1,ca-dblp-2010.mtx,collaboration,ilp,,config1,10,True,True,True,,,3596.64,1320024,0,,,
785,config1,ca-dblp-2010.mtx,collaboration,ilp,,config1,12,True,True,True,,,3598.73,1319396,0,,,
889,config1,ca-dblp-2010.mtx,collaboration,ilp,,config1,16,True,True,True,,,3599.09,1318744,0,,,
55,config1,ca-netscience.mtx,collaboration,ilp,,config1,1,False,True,True,379.0,914.0,24.98,90688,0,758.0,5923.0,
159,config1,ca-netscience.mtx,collaboration,ilp,,config1,2,True,True,True,,,3597.17,83544,0,,,
263,config1,ca-netscience.mtx,collaboration,ilp,,config1,3,True,True,True,,,3598.7,81372,0,,,
367,config1,ca-netscience.mtx,collaboration,ilp,,config1,4,True,True,True,,,3599.84,81568,0,,,
471,config1,ca-netscience.mtx,collaboration,ilp,,config1,6,True,True,True,,,3600.16,81320,0,,,
575,config1,ca-netscience.mtx,collaboration,ilp,,config1,8,True,True,True,,,3597.16,81564,0,,,
679,config1,ca-netscience.mtx,collaboration,ilp,,config1,10,True,True,True,,,3598.81,81320,0,,,
783,config1,ca-netscience.mtx,collaboration,ilp,,config1,12,True,True,True,,,3599.91,81580,0,,,
887,config1,ca-netscience.mtx,collaboration,ilp,,config1,16,True,True,True,,,3600.26,81328,0,,,
56,config1,ca-sandi_auths.mtx,collaboration,ilp,,config1,1,False,True,True,86.0,124.0,2.29,85868,0,172.0,1092.0,
160,config1,ca-sandi_auths.mtx,collaboration,ilp,,config1,2,False,True,True,86.0,124.0,59.85,83332,0,172.0,308.0,
264,config1,ca-sandi_auths.mtx,collaboration,ilp,,config1,3,True,True,True,,,3597.43,80756,0,,,
368,config1,ca-sandi_auths.mtx,collaboration,ilp,,config1,4,True,True,True,,,3598.71,81000,0,,,
472,config1,ca-sandi_auths.mtx,collaboration,ilp,,config1,6,True,True,True,,,3599.8,82784,0,,,
576,config1,ca-sandi_auths.mtx,collaboration,ilp,,config1,8,True,True,True,,,3598.41,80748,0,,,
680,config1,ca-sandi_auths.mtx,collaboration,ilp,,config1,10,True,True,True,,,3599.87,82784,0,,,
784,config1,ca-sandi_auths.mtx,collaboration,ilp,,config1,12,True,True,True,,,3599.96,82776,0,,,
888,config1,ca-sandi_auths.mtx,collaboration,ilp,,config1,16,True,True,True,,,3595.71,82784,0,,,
15,config1,inf-USAir97.mtx,infrastructure,ilp,,config1,1,False,True,True,332.0,2126.0,100.33,144256,0,664.0,22070.0,
119,config1,inf-USAir97.mtx,infrastructure,ilp,,config1,2,True,True,True,,,3595.53,83532,0,,,
223,config1,inf-USAir97.mtx,infrastructure,ilp,,config1,3,True,True,True,,,3593.34,83704,0,,,
327,config1,inf-USAir97.mtx,infrastructure,ilp,,config1,4,True,True,True,,,3590.74,81656,0,,,
431,config1,inf-USAir97.mtx,infrastructure,ilp,,config1,6,True,True,True,,,3579.24,83708,0,,,
535,config1,inf-USAir97.mtx,infrastructure,ilp,,config1,8,True,True,True,,,3587.44,83704,0,,,
639,config1,inf-USAir97.mtx,infrastructure,ilp,,config1,10,True,True,True,,,3586.38,83700,0,,,
743,config1,inf-USAir97.mtx,infrastructure,ilp,,config1,12,True,True,True,,,3588.58,81668,0,,,
847,config1,inf-USAir97.mtx,infrastructure,ilp,,config1,16,True,True,True,,,3579.22,81672,0,,,
23,config1,power-1138-bus.mtx,power,ilp,,config1,1,True,True,True,,,3592.44,143172,0,,,
127,config1,power-1138-bus.mtx,power,ilp,,config1,2,True,True,True,,,3594.74,84736,0,,,
231,config1,power-1138-bus.mtx,power,ilp,,config1,3,True,True,True,,,3596.11,84696,0,,,
335,config1,power-1138-bus.mtx,power,ilp,,config1,4,True,True,True,,,3599.36,84712,0,,,
439,config1,power-1138-bus.mtx,power,ilp,,config1,6,True,True,True,,,3600.25,84724,0,,,
543,config1,power-1138-bus.mtx,power,ilp,,config1,8,True,True,True,,,3599.26,82936,0,,,
647,config1,power-1138-bus.mtx,power,ilp,,config1,10,True,True,True,,,3600.37,82664,0,,,
751,config1,power-1138-bus.mtx,power,ilp,,config1,12,True,True,True,,,3599.79,84728,0,,,
855,config1,power-1138-bus.mtx,power,ilp,,config1,16,True,True,True,,,3599.89,82668,0,,,
25,config1,power-494-bus.mtx,power,ilp,,config1,1,False,True,True,494.0,1080.0,1151.52,171560,0,988.0,67856.0,
129,config1,power-494-bus.mtx,power,ilp,,config1,2,True,True,True,,,3597.76,81760,0,,,
233,config1,power-494-bus.mtx,power,ilp,,config1,3,True,True,True,,,3599.32,81724,0,,,
337,config1,power-494-bus.mtx,power,ilp,,config1,4,True,True,True,,,3598.66,83516,0,,,
441,config1,power-494-bus.mtx,power,ilp,,config1,6,True,True,True,,,3599.03,83516,0,,,
545,config1,power-494-bus.mtx,power,ilp,,config1,8,True,True,True,,,3599.35,83504,0,,,
649,config1,power-494-bus.mtx,power,ilp,,config1,10,True,True,True,,,3599.56,81472,0,,,
753,config1,power-494-bus.mtx,power,ilp,,config1,12,True,True,True,,,3599.56,81720,0,,,
857,config1,power-494-bus.mtx,power,ilp,,config1,16,True,True,True,,,3600.2,83504,0,,,
27,config1,power-685-bus.mtx,power,ilp,,config1,1,True,True,True,,,3595.75,171892,0,,,
131,config1,power-685-bus.mtx,power,ilp,,config1,2,True,True,True,,,3590.17,82316,0,,,
235,config1,power-685-bus.mtx,power,ilp,,config1,3,True,True,True,,,3589.45,83996,0,,,
339,config1,power-685-bus.mtx,power,ilp,,config1,4,True,True,True,,,3593.48,82036,0,,,
443,config1,power-685-bus.mtx,power,ilp,,config1,6,True,True,True,,,3591.0,83996,0,,,
547,config1,power-685-bus.mtx,power,ilp,,config1,8,True,True,True,,,3591.3,81956,0,,,
651,config1,power-685-bus.mtx,power,ilp,,config1,10,True,True,True,,,3588.05,82196,0,,,
755,config1,power-685-bus.mtx,power,ilp,,config1,12,True,True,True,,,3590.62,84008,0,,,
859,config1,power-685-bus.mtx,power,ilp,,config1,16,True,True,True,,,3591.81,81964,0,,,
22,config1,power-US-Grid.mtx,power,ilp,,config1,1,True,True,True,,,3594.42,158520,0,,,
126,config1,power-US-Grid.mtx,power,ilp,,config1,2,True,True,True,,,3592.3,99312,0,,,
230,config1,power-US-Grid.mtx,power,ilp,,config1,3,True,True,True,,,3590.27,97264,0,,,
334,config1,power-US-Grid.mtx,power,ilp,,config1,4,True,True,True,,,3591.89,99308,0,,,
438,config1,power-US-Grid.mtx,power,ilp,,config1,6,True,True,True,,,3589.12,99304,0,,,
542,config1,power-US-Grid.mtx,power,ilp,,config1,8,True,True,True,,,3598.62,99308,0,,,
646,config1,power-US-Grid.mtx,power,ilp,,config1,10,True,True,True,,,3589.6,97500,0,,,
750,config1,power-US-Grid.mtx,power,ilp,,config1,12,True,True,True,,,3589.83,99308,0,,,
854,config1,power-US-Grid.mtx,power,ilp,,config1,16,True,True,True,,,3593.12,99304,0,,,
26,config1,power-bcspwr09.mtx,power,ilp,,config1,1,True,True,True,,,3586.51,143268,0,,,
130,config1,power-bcspwr09.mtx,power,ilp,,config1,2,True,True,True,,,3593.9,85892,0,,,
234,config1,power-bcspwr09.mtx,power,ilp,,config1,3,True,True,True,,,3599.64,87568,0,,,
338,config1,power-bcspwr09.mtx,power,ilp,,config1,4,True,True,True,,,3600.08,85888,0,,,
442,config1,power-bcspwr09.mtx,power,ilp,,config1,6,True,True,True,,,3599.59,87568,0,,,
546,config1,power-bcspwr09.mtx,power,ilp,,config1,8,True,True,True,,,3600.09,85888,0,,,
650,config1,power-bcspwr09.mtx,power,ilp,,config1,10,True,True,True,,,3600.28,85568,0,,,
754,config1,power-bcspwr09.mtx,power,ilp,,config1,12,True,True,True,,,3600.37,85884,0,,,
858,config1,power-bcspwr09.mtx,power,ilp,,config1,16,True,True,True,,,3600.34,87556,0,,,
24,config1,power-eris1176.mtx,power,ilp,,config1,1,True,True,True,,,3598.64,142188,0,,,
128,config1,power-eris1176.mtx,power,ilp,,config1,2,True,True,True,,,3599.85,91044,0,,,
232,config1,power-eris1176.mtx,power,ilp,,config1,3,True,True,True,,,3600.24,90548,0,,,
336,config1,power-eris1176.mtx,power,ilp,,config1,4,True,True,True,,,3600.27,90692,0,,,
440,config1,power-eris1176.mtx,power,ilp,,config1,6,True,True,True,,,3600.37,92580,0,,,
544,config1,power-eris1176.mtx,power,ilp,,config1,8,True,True,True,,,3600.27,92592,0,,,
648,config1,power-eris1176.mtx,power,ilp,,config1,10,True,True,True,,,3600.16,90688,0,,,
752,config1,power-eris1176.mtx,power,ilp,,config1,12,True,True,True,,,3600.1,90684,0,,,
856,config1,power-eris1176.mtx,power,ilp,,config1,16,True,True,True,,,3600.27,92588,0,,,
34,config1,road-chesapeake.mtx,road,ilp,,config1,1,False,True,True,39.0,170.0,2.06,83476,0,78.0,438.0,
138,config1,road-chesapeake.mtx,road,ilp,,config1,2,False,True,True,39.0,170.0,4.83,83340,0,78.0,198.0,
242,config1,road-chesapeake.mtx,road,ilp,,config1,3,False,True,True,39.0,170.0,548.01,85160,0,78.0,117.0,
346,config1,road-chesapeake.mtx,road,ilp,,config1,4,True,True,True,,,3596.29,82780,0,,,
450,config1,road-chesapeake.mtx,road,ilp,,config1,6,True,True,True,,,3593.87,82780,0,,,
554,config1,road-chesapeake.mtx,road,ilp,,config1,8,True,True,True,,,3589.85,82768,0,,,
658,config1,road-chesapeake.mtx,road,ilp,,config1,10,True,True,True,,,3589.33,80976,0,,,
762,config1,road-chesapeake.mtx,road,ilp,,config1,12,True,True,True,,,3584.32,80728,0,,,
866,config1,road-chesapeake.mtx,road,ilp,,config1,16,True,True,True,,,3589.49,80724,0,,,
33,config1,road-euroroad.edges,road,ilp,,config1,1,True,True,True,,,3599.82,119736,0,,,
137,config1,road-euroroad.edges,road,ilp,,config1,2,True,True,True,,,3598.01,54228,0,,,
241,config1,road-euroroad.edges,road,ilp,,config1,3,True,True,True,,,3599.64,54232,0,,,
345,config1,road-euroroad.edges,road,ilp,,config1,4,True,True,True,,,3599.74,54228,0,,,
449,config1,road-euroroad.edges,road,ilp,,config1,6,True,True,True,,,3600.2,54228,0,,,
553,config1,road-euroroad.edges,road,ilp,,config1,8,True,True,True,,,3600.29,54228,0,,,
657,config1,road-euroroad.edges,road,ilp,,config1,10,True,True,True,,,3600.41,54224,0,,,
761,config1,road-euroroad.edges,road,ilp,,config1,12,True,True,True,,,3595.57,54236,0,,,
865,config1,road-euroroad.edges,road,ilp,,config1,16,True,True,True,,,3592.46,54228,0,,,
37,config1,road-luxembourg-osm.mtx,road,ilp,,config1,1,True,True,True,,,3591.13,526612,0,,,
141,config1,road-luxembourg-osm.mtx,road,ilp,,config1,2,True,True,True,,,3588.12,523660,0,,,
245,config1,road-luxembourg-osm.mtx,road,ilp,,config1,3,True,True,True,,,3590.36,522920,0,,,
349,config1,road-luxembourg-osm.mtx,road,ilp,,config1,4,True,True,True,,,3589.44,523336,0,,,
453,config1,road-luxembourg-osm.mtx,road,ilp,,config1,6,True,True,True,,,3587.2,519980,0,,,
557,config1,road-luxembourg-osm.mtx,road,ilp,,config1,8,True,True,True,,,3593.84,523444,0,,,
661,config1,road-luxembourg-osm.mtx,road,ilp,,config1,10,True,True,True,,,3589.38,522256,0,,,
765,config1,road-luxembourg-osm.mtx,road,ilp,,config1,12,True,True,True,,,3595.13,523584,0,,,
869,config1,road-luxembourg-osm.mtx,road,ilp,,config1,16,True,True,True,,,3599.12,523044,0,,,
36,config1,road-minnesota.mtx,road,ilp,,config1,1,True,True,True,,,3583.69,164784,0,,,
140,config1,road-minnesota.mtx,road,ilp,,config1,2,True,True,True,,,3590.55,91200,0,,,
244,config1,road-minnesota.mtx,road,ilp,,config1,3,True,True,True,,,3593.91,91204,0,,,
348,config1,road-minnesota.mtx,road,ilp,,config1,4,True,True,True,,,3598.1,91208,0,,,
452,config1,road-minnesota.mtx,road,ilp,,config1,6,True,True,True,,,3597.35,91208,0,,,
556,config1,road-minnesota.mtx,road,ilp,,config1,8,True,True,True,,,3598.75,89428,0,,,
660,config1,road-minnesota.mtx,road,ilp,,config1,10,True,True,True,,,3600.12,91200,0,,,
764,config1,road-minnesota.mtx,road,ilp,,config1,12,True,True,True,,,3598.86,91204,0,,,
868,config1,road-minnesota.mtx,road,ilp,,config1,16,True,True,True,,,3599.3,89412,0,,,
35,config1,road-roadNet-PA.mtx,road,ilp,,config1,1,False,True,False,,,388.93,3656788,0,,,True
139,config1,road-roadNet-PA.mtx,road,ilp,,config1,2,False,True,False,,,397.8,3656784,0,,,True
243,config1,road-roadNet-PA.mtx,road,ilp,,config1,3,False,True,False,,,383.32,3656784,0,,,True
347,config1,road-roadNet-PA.mtx,road,ilp,,config1,4,False,True,False,,,389.24,3656784,0,,,True
451,config1,road-roadNet-PA.mtx,road,ilp,,config1,6,False,True,False,,,392.25,3656784,0,,,True
555,config1,road-roadNet-PA.mtx,road,ilp,,config1,8,False,True,False,,,388.41,3656788,0,,,True
659,config1,road-roadNet-PA.mtx,road,ilp,,config1,10,False,True,False,,,393.51,3656784,0,,,True
763,config1,road-roadNet-PA.mtx,road,ilp,,config1,12,False,True,False,,,390.02,3656784,0,,,True
867,config1,road-roadNet-PA.mtx,road,ilp,,config1,16,False,True,False,,,402.38,3656100,0,,,True
86,config1,soc-dolphins.mtx,social,ilp,,config1,1,False,True,True,62.0,159.0,2.2,84636,0,124.0,1386.0,
190,config1,soc-dolphins.mtx,social,ilp,,config1,2,False,True,True,62.0,159.0,23.79,85436,0,124.0,452.0,
294,config1,soc-dolphins.mtx,social,ilp,,config1,3,True,True,True,,,3589.86,82804,0,,,
398,config1,soc-dolphins.mtx,social,ilp,,config1,4,True,True,True,,,3589.48,82808,0,,,
502,config1,soc-dolphins.mtx,social,ilp,,config1,6,True,True,True,,,3587.45,82776,0,,,
606,config1,soc-dolphins.mtx,social,ilp,,config1,8,True,True,True,,,3592.39,80788,0,,,
710,config1,soc-dolphins.mtx,social,ilp,,config1,10,True,True,True,,,3595.85,82792,0,,,
814,config1,soc-dolphins.mtx,social,ilp,,config1,12,True,True,True,,,3599.07,82784,0,,,
918,config1,soc-dolphins.mtx,social,ilp,,config1,16,True,True,True,,,3597.78,80744,0,,,
13,config1,soccer_ball.txt,geometric,ilp,,config1,1,False,True,True,32.0,90.0,1.3,52104,0,64.0,380.0,
117,config1,soccer_ball.txt,geometric,ilp,,config1,2,False,True,True,32.0,90.0,3.11,52268,0,64.0,604.0,
221,config1,soccer_ball.txt,geometric,ilp,,config1,3,False,True,True,32.0,90.0,167.71,51988,0,64.0,184.0,
325,config1,soccer_ball.txt,geometric,ilp,,config1,4,True,True,True,,,3559.16,49388,0,,,
429,config1,soccer_ball.txt,geometric,ilp,,config1,6,True,True,True,,,3599.53,49388,0,,,
533,config1,soccer_ball.txt,geometric,ilp,,config1,8,True,True,True,,,3600.67,49388,0,,,
637,config1,soccer_ball.txt,geometric,ilp,,config1,10,True,True,True,,,3599.51,49340,0,,,
741,config1,soccer_ball.txt,geometric,ilp,,config1,12,True,True,True,,,3600.11,49340,0,,,
845,config1,soccer_ball.txt,geometric,ilp,,config1,16,True,True,True,,,3600.14,49336,0,,,
90,config1,socfb-Amherst41.mtx,social,ilp,,config1,1,True,True,True,,,3598.71,1113432,0,,,
194,config1,socfb-Amherst41.mtx,social,ilp,,config1,2,True,True,True,,,3599.96,197848,0,,,
298,config1,socfb-Amherst41.mtx,social,ilp,,config1,3,True,True,True,,,3599.9,171524,0,,,
402,config1,socfb-Amherst41.mtx,social,ilp,,config1,4,True,True,True,,,3595.39,171536,0,,,
506,config1,socfb-Amherst41.mtx,social,ilp,,config1,6,True,True,True,,,3590.48,169480,0,,,
610,config1,socfb-Amherst41.mtx,social,ilp,,config1,8,True,True,True,,,3588.13,171516,0,,,
714,config1,socfb-Amherst41.mtx,social,ilp,,config1,10,True,True,True,,,3592.08,171532,0,,,
818,config1,socfb-Amherst41.mtx,social,ilp,,config1,12,True,True,True,,,3594.6,169484,0,,,
922,config1,socfb-Amherst41.mtx,social,ilp,,config1,16,True,True,True,,,3595.66,169500,0,,,
83,config1,socfb-Bowdoin47.mtx,social,ilp,,config1,1,True,True,True,,,3596.04,1034120,0,,,
187,config1,socfb-Bowdoin47.mtx,social,ilp,,config1,2,True,True,True,,,3597.91,193784,0,,,
291,config1,socfb-Bowdoin47.mtx,social,ilp,,config1,3,True,True,True,,,3597.9,166700,0,,,
395,config1,socfb-Bowdoin47.mtx,social,ilp,,config1,4,True,True,True,,,3599.94,166696,0,,,
499,config1,socfb-Bowdoin47.mtx,social,ilp,,config1,6,True,True,True,,,3598.9,164652,0,,,
603,config1,socfb-Bowdoin47.mtx,social,ilp,,config1,8,True,True,True,,,3599.72,166692,0,,,
707,config1,socfb-Bowdoin47.mtx,social,ilp,,config1,10,True,True,True,,,3599.61,166692,0,,,
811,config1,socfb-Bowdoin47.mtx,social,ilp,,config1,12,True,True,True,,,3598.61,164648,0,,,
915,config1,socfb-Bowdoin47.mtx,social,ilp,,config1,16,True,True,True,,,3599.59,164648,0,,,
99,config1,socfb-Caltech36.mtx,social,ilp,,config1,1,True,True,True,,,3594.09,615024,0,,,
203,config1,socfb-Caltech36.mtx,social,ilp,,config1,2,True,True,True,,,3590.38,118496,0,,,
307,config1,socfb-Caltech36.mtx,social,ilp,,config1,3,True,True,True,,,3583.33,100116,0,,,
411,config1,socfb-Caltech36.mtx,social,ilp,,config1,4,True,True,True,,,3591.37,100100,0,,,
515,config1,socfb-Caltech36.mtx,social,ilp,,config1,6,True,True,True,,,3591.13,100128,0,,,
619,config1,socfb-Caltech36.mtx,social,ilp,,config1,8,True,True,True,,,3592.38,100100,0,,,
723,config1,socfb-Caltech36.mtx,social,ilp,,config1,10,True,True,True,,,3597.12,100132,0,,,
827,config1,socfb-Caltech36.mtx,social,ilp,,config1,12,True,True,True,,,3588.09,100088,0,,,
931,config1,socfb-Caltech36.mtx,social,ilp,,config1,16,True,True,True,,,3599.84,98332,0,,,
85,config1,socfb-Colgate88.mtx,social,ilp,,config1,1,True,True,True,,,3599.05,1231248,0,,,
189,config1,socfb-Colgate88.mtx,social,ilp,,config1,2,True,True,True,,,3599.4,254780,0,,,
293,config1,socfb-Colgate88.mtx,social,ilp,,config1,3,True,True,True,,,3595.6,233856,0,,,
397,config1,socfb-Colgate88.mtx,social,ilp,,config1,4,True,True,True,,,3591.62,231812,0,,,
501,config1,socfb-Colgate88.mtx,social,ilp,,config1,6,True,True,True,,,3590.92,233860,0,,,
605,config1,socfb-Colgate88.mtx,social,ilp,,config1,8,True,True,True,,,3591.89,231808,0,,,
709,config1,socfb-Colgate88.mtx,social,ilp,,config1,10,True,True,True,,,3595.85,231808,0,,,
813,config1,socfb-Colgate88.mtx,social,ilp,,config1,12,True,True,True,,,3590.94,231808,0,,,
917,config1,socfb-Colgate88.mtx,social,ilp,,config1,16,True,True,True,,,3590.29,231812,0,,,
95,config1,socfb-Hamilton46.mtx,social,ilp,,config1,1,True,True,True,,,3599.24,1303148,0,,,
199,config1,socfb-Hamilton46.mtx,social,ilp,,config1,2,True,True,True,,,3589.63,198920,0,,,
303,config1,socfb-Hamilton46.mtx,social,ilp,,config1,3,True,True,True,,,3590.94,176996,0,,,
407,config1,socfb-Hamilton46.mtx,social,ilp,,config1,4,True,True,True,,,3588.07,177004,0,,,
511,config1,socfb-Hamilton46.mtx,social,ilp,,config1,6,True,True,True,,,3592.59,176992,0,,,
615,config1,socfb-Hamilton46.mtx,social,ilp,,config1,8,True,True,True,,,3592.05,177000,0,,,
719,config1,socfb-Hamilton46.mtx,social,ilp,,config1,10,True,True,True,,,3593.33,176992,0,,,
823,config1,socfb-Hamilton46.mtx,social,ilp,,config1,12,True,True,True,,,3592.23,174952,0,,,
927,config1,socfb-Hamilton46.mtx,social,ilp,,config1,16,True,True,True,,,3596.58,176996,0,,,
87,config1,socfb-Haverford76.mtx,social,ilp,,config1,1,True,True,True,,,3599.21,1118160,0,,,
191,config1,socfb-Haverford76.mtx,social,ilp,,config1,2,True,True,True,,,3599.93,195044,0,,,
295,config1,socfb-Haverford76.mtx,social,ilp,,config1,3,True,True,True,,,3600.03,138052,0,,,
399,config1,socfb-Haverford76.mtx,social,ilp,,config1,4,True,True,True,,,3599.42,138036,0,,,
503,config1,socfb-Haverford76.mtx,social,ilp,,config1,6,True,True,True,,,3599.6,138044,0,,,
607,config1,socfb-Haverford76.mtx,social,ilp,,config1,8,True,True,True,,,3594.94,140096,0,,,
711,config1,socfb-Haverford76.mtx,social,ilp,,config1,10,True,True,True,,,3591.76,138052,0,,,
815,config1,socfb-Haverford76.mtx,social,ilp,,config1,12,True,True,True,,,3588.63,138048,0,,,
919,config1,socfb-Haverford76.mtx,social,ilp,,config1,16,True,True,True,,,3592.68,138040,0,,,
88,config1,socfb-Mich67.mtx,social,ilp,,config1,1,True,True,True,,,3591.31,744288,0,,,
192,config1,socfb-Mich67.mtx,social,ilp,,config1,2,True,True,True,,,3588.04,168672,0,,,
296,config1,socfb-Mich67.mtx,social,ilp,,config1,3,True,True,True,,,3590.47,164492,0,,,
400,config1,socfb-Mich67.mtx,social,ilp,,config1,4,True,True,True,,,3591.68,164404,0,,,
504,config1,socfb-Mich67.mtx,social,ilp,,config1,6,True,True,True,,,3592.33,164412,0,,,
608,config1,socfb-Mich67.mtx,social,ilp,,config1,8,True,True,True,,,3593.5,166452,0,,,
712,config1,socfb-Mich67.mtx,social,ilp,,config1,10,True,True,True,,,3599.08,164656,0,,,
816,config1,socfb-Mich67.mtx,social,ilp,,config1,12,True,True,True,,,3598.76,166468,0,,,
920,config1,socfb-Mich67.mtx,social,ilp,,config1,16,True,True,True,,,3599.63,164664,0,,,
102,config1,socfb-Middlebury45.mtx,social,ilp,,config1,1,True,True,True,,,3599.21,1232568,0,,,
206,config1,socfb-Middlebury45.mtx,social,ilp,,config1,2,True,True,True,,,3599.59,222148,0,,,
310,config1,socfb-Middlebury45.mtx,social,ilp,,config1,3,True,True,True,,,3599.29,202656,0,,,
414,config1,socfb-Middlebury45.mtx,social,ilp,,config1,4,True,True,True,,,3597.74,202636,0,,,
518,config1,socfb-Middlebury45.mtx,social,ilp,,config1,6,True,True,True,,,3598.81,202640,0,,,
622,config1,socfb-Middlebury45.mtx,social,ilp,,config1,8,True,True,True,,,3598.9,202640,0,,,
726,config1,socfb-Middlebury45.mtx,social,ilp,,config1,10,True,True,True,,,3599.84,202636,0,,,
830,config1,socfb-Middlebury45.mtx,social,ilp,,config1,12,True,True,True,,,3599.89,202640,0,,,
934,config1,socfb-Middlebury45.mtx,social,ilp,,config1,16,True,True,True,,,3599.82,202648,0,,,
91,config1,socfb-Oberlin44.mtx,social,ilp,,config1,1,True,True,True,,,3588.96,900176,0,,,
195,config1,socfb-Oberlin44.mtx,social,ilp,,config1,2,True,True,True,,,3586.82,185268,0,,,
299,config1,socfb-Oberlin44.mtx,social,ilp,,config1,3,True,True,True,,,3587.56,169396,0,,,
403,config1,socfb-Oberlin44.mtx,social,ilp,,config1,4,True,True,True,,,3589.62,169384,0,,,
507,config1,socfb-Oberlin44.mtx,social,ilp,,config1,6,True,True,True,,,3590.74,169444,0,,,
611,config1,socfb-Oberlin44.mtx,social,ilp,,config1,8,True,True,True,,,3590.99,171436,0,,,
715,config1,socfb-Oberlin44.mtx,social,ilp,,config1,10,True,True,True,,,3597.36,171444,0,,,
819,config1,socfb-Oberlin44.mtx,social,ilp,,config1,12,True,True,True,,,3597.1,171440,0,,,
923,config1,socfb-Oberlin44.mtx,social,ilp,,config1,16,True,True,True,,,3599.68,169644,0,,,
92,config1,socfb-Pepperdine86.mtx,social,ilp,,config1,1,True,True,True,,,3591.32,1406300,0,,,
196,config1,socfb-Pepperdine86.mtx,social,ilp,,config1,2,True,True,True,,,3590.8,231456,0,,,
300,config1,socfb-Pepperdine86.mtx,social,ilp,,config1,3,True,True,True,,,3586.74,230548,0,,,
404,config1,socfb-Pepperdine86.mtx,social,ilp,,config1,4,True,True,True,,,3592.14,230544,0,,,
508,config1,socfb-Pepperdine86.mtx,social,ilp,,config1,6,True,True,True,,,3592.44,230540,0,,,
612,config1,socfb-Pepperdine86.mtx,social,ilp,,config1,8,True,True,True,,,3591.38,230540,0,,,
716,config1,socfb-Pepperdine86.mtx,social,ilp,,config1,10,True,True,True,,,3593.92,230540,0,,,
820,config1,socfb-Pepperdine86.mtx,social,ilp,,config1,12,True,True,True,,,3599.09,232568,0,,,
924,config1,socfb-Pepperdine86.mtx,social,ilp,,config1,16,True,True,True,,,3599.13,230544,0,,,
93,config1,socfb-Reed98.mtx,social,ilp,,config1,1,True,True,True,,,3591.09,597164,0,,,
197,config1,socfb-Reed98.mtx,social,ilp,,config1,2,True,True,True,,,3592.23,127128,0,,,
301,config1,socfb-Reed98.mtx,social,ilp,,config1,3,True,True,True,,,3589.18,101200,0,,,
405,config1,socfb-Reed98.mtx,social,ilp,,config1,4,True,True,True,,,3595.1,101196,0,,,
509,config1,socfb-Reed98.mtx,social,ilp,,config1,6,True,True,True,,,3598.99,101172,0,,,
613,config1,socfb-Reed98.mtx,social,ilp,,config1,8,True,True,True,,,3599.85,101188,0,,,
717,config1,socfb-Reed98.mtx,social,ilp,,config1,10,True,True,True,,,3600.11,101184,0,,,
821,config1,socfb-Reed98.mtx,social,ilp,,config1,12,True,True,True,,,3599.92,101192,0,,,
925,config1,socfb-Reed98.mtx,social,ilp,,config1,16,True,True,True,,,3600.09,101184,0,,,
98,config1,socfb-Simmons81.mtx,social,ilp,,config1,1,True,True,True,,,3592.92,734976,0,,,
202,config1,socfb-Simmons81.mtx,social,ilp,,config1,2,True,True,True,,,3594.1,127020,0,,,
306,config1,socfb-Simmons81.mtx,social,ilp,,config1,3,True,True,True,,,3597.92,114604,0,,,
410,config1,socfb-Simmons81.mtx,social,ilp,,config1,4,True,True,True,,,3598.79,114616,0,,,
514,config1,socfb-Simmons81.mtx,social,ilp,,config1,6,True,True,True,,,3599.71,114612,0,,,
618,config1,socfb-Simmons81.mtx,social,ilp,,config1,8,True,True,True,,,3600.01,112568,0,,,
722,config1,socfb-Simmons81.mtx,social,ilp,,config1,10,True,True,True,,,3600.03,112712,0,,,
826,config1,socfb-Simmons81.mtx,social,ilp,,config1,12,True,True,True,,,3600.29,112580,0,,,
930,config1,socfb-Simmons81.mtx,social,ilp,,config1,16,True,True,True,,,3600.34,112732,0,,,
100,config1,socfb-Smith60.mtx,social,ilp,,config1,1,True,True,True,,,3587.28,992972,0,,,
204,config1,socfb-Smith60.mtx,social,ilp,,config1,2,True,True,True,,,3590.19,210648,0,,,
308,config1,socfb-Smith60.mtx,social,ilp,,config1,3,True,True,True,,,3589.73,176324,0,,,
412,config1,socfb-Smith60.mtx,social,ilp,,config1,4,True,True,True,,,3590.57,178220,0,,,
516,config1,socfb-Smith60.mtx,social,ilp,,config1,6,True,True,True,,,3597.0,176188,0,,,
620,config1,socfb-Smith60.mtx,social,ilp,,config1,8,True,True,True,,,3597.25,178216,0,,,
724,config1,socfb-Smith60.mtx,social,ilp,,config1,10,True,True,True,,,3599.24,176536,0,,,
828,config1,socfb-Smith60.mtx,social,ilp,,config1,12,True,True,True,,,3600.1,176192,0,,,
932,config1,socfb-Smith60.mtx,social,ilp,,config1,16,True,True,True,,,3599.14,178320,0,,,
103,config1,socfb-Swarthmore42.mtx,social,ilp,,config1,1,True,True,True,,,3594.91,1029140,0,,,
207,config1,socfb-Swarthmore42.mtx,social,ilp,,config1,2,True,True,True,,,3599.01,182924,0,,,
311,config1,socfb-Swarthmore42.mtx,social,ilp,,config1,3,True,True,True,,,3600.1,145464,0,,,
415,config1,socfb-Swarthmore42.mtx,social,ilp,,config1,4,True,True,True,,,3598.98,143672,0,,,
519,config1,socfb-Swarthmore42.mtx,social,ilp,,config1,6,True,True,True,,,3600.04,143404,0,,,
623,config1,socfb-Swarthmore42.mtx,social,ilp,,config1,8,True,True,True,,,3600.13,143672,0,,,
727,config1,socfb-Swarthmore42.mtx,social,ilp,,config1,10,True,True,True,,,3600.13,143424,0,,,
831,config1,socfb-Swarthmore42.mtx,social,ilp,,config1,12,True,True,True,,,3598.85,143668,0,,,
935,config1,socfb-Swarthmore42.mtx,social,ilp,,config1,16,True,True,True,,,3599.52,143444,0,,,
101,config1,socfb-Trinity100.mtx,social,ilp,,config1,1,True,True,True,,,3591.95,1242716,0,,,
205,config1,socfb-Trinity100.mtx,social,ilp,,config1,2,True,True,True,,,3594.25,223260,0,,,
309,config1,socfb-Trinity100.mtx,social,ilp,,config1,3,True,True,True,,,3588.81,189120,0,,,
413,config1,socfb-Trinity100.mtx,social,ilp,,config1,4,True,True,True,,,3589.22,189116,0,,,
517,config1,socfb-Trinity100.mtx,social,ilp,,config1,6,True,True,True,,,3593.17,189120,0,,,
621,config1,socfb-Trinity100.mtx,social,ilp,,config1,8,True,True,True,,,3591.12,191160,0,,,
725,config1,socfb-Trinity100.mtx,social,ilp,,config1,10,True,True,True,,,3591.85,191152,0,,,
829,config1,socfb-Trinity100.mtx,social,ilp,,config1,12,True,True,True,,,3594.73,191152,0,,,
933,config1,socfb-Trinity100.mtx,social,ilp,,config1,16,True,True,True,,,3595.0,191152,0,,,
89,config1,socfb-USFCA72.mtx,social,ilp,,config1,1,True,True,True,,,3599.58,819340,0,,,
193,config1,socfb-USFCA72.mtx,social,ilp,,config1,2,True,True,True,,,3599.48,160868,0,,,
297,config1,socfb-USFCA72.mtx,social,ilp,,config1,3,True,True,True,,,3600.23,147880,0,,,
401,config1,socfb-USFCA72.mtx,social,ilp,,config1,4,True,True,True,,,3599.74,145832,0,,,
505,config1,socfb-USFCA72.mtx,social,ilp,,config1,6,True,True,True,,,3595.34,147868,0,,,
609,config1,socfb-USFCA72.mtx,social,ilp,,config1,8,True,True,True,,,3590.64,147856,0,,,
713,config1,socfb-USFCA72.mtx,social,ilp,,config1,10,True,True,True,,,3584.83,145840,0,,,
817,config1,socfb-USFCA72.mtx,social,ilp,,config1,12,True,True,True,,,3593.89,145960,0,,,
921,config1,socfb-USFCA72.mtx,social,ilp,,config1,16,True,True,True,,,3591.99,145848,0,,,
84,config1,socfb-Vassar85.mtx,social,ilp,,config1,1,True,True,True,,,3599.3,1214560,0,,,
188,config1,socfb-Vassar85.mtx,social,ilp,,config1,2,True,True,True,,,3599.79,214412,0,,,
292,config1,socfb-Vassar85.mtx,social,ilp,,config1,3,True,True,True,,,3596.48,199420,0,,,
396,config1,socfb-Vassar85.mtx,social,ilp,,config1,4,True,True,True,,,3592.11,199416,0,,,
500,config1,socfb-Vassar85.mtx,social,ilp,,config1,6,True,True,True,,,3589.01,197384,0,,,
604,config1,socfb-Vassar85.mtx,social,ilp,,config1,8,True,True,True,,,3592.02,199428,0,,,
708,config1,socfb-Vassar85.mtx,social,ilp,,config1,10,True,True,True,,,3590.54,197392,0,,,
812,config1,socfb-Vassar85.mtx,social,ilp,,config1,12,True,True,True,,,3595.68,199428,0,,,
916,config1,socfb-Vassar85.mtx,social,ilp,,config1,16,True,True,True,,,3591.52,197388,0,,,
94,config1,socfb-Wellesley22.mtx,social,ilp,,config1,1,True,True,True,,,3598.33,936288,0,,,
198,config1,socfb-Wellesley22.mtx,social,ilp,,config1,2,True,True,True,,,3600.1,182888,0,,,
302,config1,socfb-Wellesley22.mtx,social,ilp,,config1,3,True,True,True,,,3599.95,175304,0,,,
406,config1,socfb-Wellesley22.mtx,social,ilp,,config1,4,True,True,True,,,3600.23,175308,0,,,
510,config1,socfb-Wellesley22.mtx,social,ilp,,config1,6,True,True,True,,,3587.83,175312,0,,,
614,config1,socfb-Wellesley22.mtx,social,ilp,,config1,8,True,True,True,,,3592.21,175304,0,,,
718,config1,socfb-Wellesley22.mtx,social,ilp,,config1,10,True,True,True,,,3575.17,175308,0,,,
822,config1,socfb-Wellesley22.mtx,social,ilp,,config1,12,True,True,True,,,3590.65,175288,0,,,
926,config1,socfb-Wellesley22.mtx,social,ilp,,config1,16,True,True,True,,,3590.43,175304,0,,,
96,config1,socfb-Williams40.mtx,social,ilp,,config1,1,True,True,True,,,3593.49,1198784,0,,,
200,config1,socfb-Williams40.mtx,social,ilp,,config1,2,True,True,True,,,3591.71,217680,0,,,
304,config1,socfb-Williams40.mtx,social,ilp,,config1,3,True,True,True,,,3596.63,194344,0,,,
408,config1,socfb-Williams40.mtx,social,ilp,,config1,4,True,True,True,,,3593.83,192308,0,,,
512,config1,socfb-Williams40.mtx,social,ilp,,config1,6,True,True,True,,,3596.84,192320,0,,,
616,config1,socfb-Williams40.mtx,social,ilp,,config1,8,True,True,True,,,3597.91,194180,0,,,
720,config1,socfb-Williams40.mtx,social,ilp,,config1,10,True,True,True,,,3599.36,194344,0,,,
824,config1,socfb-Williams40.mtx,social,ilp,,config1,12,True,True,True,,,3600.09,192320,0,,,
928,config1,socfb-Williams40.mtx,social,ilp,,config1,16,True,True,True,,,3599.92,194348,0,,,
97,config1,socfb-nips-ego.edges,social,ilp,,config1,1,True,True,True,,,3600.2,101600,0,,,
201,config1,socfb-nips-ego.edges,social,ilp,,config1,2,True,True,True,,,3600.64,65976,0,,,
305,config1,socfb-nips-ego.edges,social,ilp,,config1,3,True,True,True,,,3600.57,65924,0,,,
409,config1,socfb-nips-ego.edges,social,ilp,,config1,4,True,True,True,,,3600.48,65980,0,,,
513,config1,socfb-nips-ego.edges,social,ilp,,config1,6,True,True,True,,,3600.32,65984,0,,,
617,config1,socfb-nips-ego.edges,social,ilp,,config1,8,True,True,True,,,3600.14,65688,0,,,
721,config1,socfb-nips-ego.edges,social,ilp,,config1,10,True,True,True,,,3600.26,65920,0,,,
825,config1,socfb-nips-ego.edges,social,ilp,,config1,12,True,True,True,,,3580.43,65708,0,,,
929,config1,socfb-nips-ego.edges,social,ilp,,config1,16,True,True,True,,,3592.04,65912,0,,,
43,config1,web-EPA.edges,webgraph,ilp,,config1,1,True,True,True,,,3592.99,169504,0,,,
147,config1,web-EPA.edges,webgraph,ilp,,config1,2,True,True,True,,,3591.49,68256,0,,,
251,config1,web-EPA.edges,webgraph,ilp,,config1,3,True,True,True,,,3591.44,68252,0,,,
355,config1,web-EPA.edges,webgraph,ilp,,config1,4,True,True,True,,,3588.13,68256,0,,,
459,config1,web-EPA.edges,webgraph,ilp,,config1,6,True,True,True,,,3592.12,68260,0,,,
563,config1,web-EPA.edges,webgraph,ilp,,config1,8,True,True,True,,,3594.14,68248,0,,,
667,config1,web-EPA.edges,webgraph,ilp,,config1,10,True,True,True,,,3593.92,68260,0,,,
771,config1,web-EPA.edges,webgraph,ilp,,config1,12,True,True,True,,,3594.56,68260,0,,,
875,config1,web-EPA.edges,webgraph,ilp,,config1,16,True,True,True,,,3587.91,68244,0,,,
45,config1,web-edu.mtx,webgraph,ilp,,config1,1,True,True,True,,,3599.83,154664,0,,,
149,config1,web-edu.mtx,webgraph,ilp,,config1,2,True,True,True,,,3599.76,92760,0,,,
253,config1,web-edu.mtx,webgraph,ilp,,config1,3,True,True,True,,,3600.16,92496,0,,,
357,config1,web-edu.mtx,webgraph,ilp,,config1,4,True,True,True,,,3600.38,92688,0,,,
461,config1,web-edu.mtx,webgraph,ilp,,config1,6,True,True,True,,,3592.25,94552,0,,,
565,config1,web-edu.mtx,webgraph,ilp,,config1,8,True,True,True,,,3595.28,92752,0,,,
669,config1,web-edu.mtx,webgraph,ilp,,config1,10,True,True,True,,,3593.67,92508,0,,,
773,config1,web-edu.mtx,webgraph,ilp,,config1,12,True,True,True,,,3591.99,92756,0,,,
877,config1,web-edu.mtx,webgraph,ilp,,config1,16,True,True,True,,,3590.18,92512,0,,,
46,config1,web-indochina-2004.mtx,webgraph,ilp,,config1,1,True,True,True,,,3599.71,198296,0,,,
150,config1,web-indochina-2004.mtx,webgraph,ilp,,config1,2,True,True,True,,,3599.86,151788,0,,,
254,config1,web-indochina-2004.mtx,webgraph,ilp,,config1,3,True,True,True,,,3600.32,151868,0,,,
358,config1,web-indochina-2004.mtx,webgraph,ilp,,config1,4,True,True,True,,,3587.12,151792,0,,,
462,config1,web-indochina-2004.mtx,webgraph,ilp,,config1,6,True,True,True,,,3592.27,152056,0,,,
566,config1,web-indochina-2004.mtx,webgraph,ilp,,config1,8,True,True,True,,,3589.59,151796,0,,,
670,config1,web-indochina-2004.mtx,webgraph,ilp,,config1,10,True,True,True,,,3591.71,152040,0,,,
774,config1,web-indochina-2004.mtx,webgraph,ilp,,config1,12,True,True,True,,,3579.55,151788,0,,,
878,config1,web-indochina-2004.mtx,webgraph,ilp,,config1,16,True,True,True,,,3588.13,152036,0,,,
44,config1,web-spam.mtx,webgraph,ilp,,config1,1,True,True,True,,,3592.19,329672,0,,,
148,config1,web-spam.mtx,webgraph,ilp,,config1,2,True,True,True,,,3599.26,127724,0,,,
252,config1,web-spam.mtx,webgraph,ilp,,config1,3,True,True,True,,,3599.78,125940,0,,,
356,config1,web-spam.mtx,webgraph,ilp,,config1,4,True,True,True,,,3600.21,125692,0,,,
460,config1,web-spam.mtx,webgraph,ilp,,config1,6,True,True,True,,,3600.11,125932,0,,,
564,config1,web-spam.mtx,webgraph,ilp,,config1,8,True,True,True,,,3600.26,125684,0,,,
668,config1,web-spam.mtx,webgraph,ilp,,config1,10,True,True,True,,,3599.98,125916,0,,,
772,config1,web-spam.mtx,webgraph,ilp,,config1,12,True,True,True,,,3600.04,125688,0,,,
876,config1,web-spam.mtx,webgraph,ilp,,config1,16,True,True,True,,,3600.0,125932,0,,,
47,config1,web-webbase-2001.mtx,webgraph,ilp,,config1,1,True,True,True,,,3590.04,181260,0,,,
151,config1,web-webbase-2001.mtx,webgraph,ilp,,config1,2,True,True,True,,,3593.44,147868,0,,,
255,config1,web-webbase-2001.mtx,webgraph,ilp,,config1,3,True,True,True,,,3595.13,149640,0,,,
359,config1,web-webbase-2001.mtx,webgraph,ilp,,config1,4,True,True,True,,,3590.77,149644,0,,,
463,config1,web-webbase-2001.mtx,webgraph,ilp,,config1,6,True,True,True,,,3593.94,147608,0,,,
567,config1,web-webbase-2001.mtx,webgraph,ilp,,config1,8,True,True,True,,,3595.78,149652,0,,,
671,config1,web-webbase-2001.mtx,webgraph,ilp,,config1,10,True,True,True,,,3595.86,149644,0,,,
775,config1,web-webbase-2001.mtx,webgraph,ilp,,config1,12,True,True,True,,,3597.98,149648,0,,,
879,config1,web-webbase-2001.mtx,webgraph,ilp,,config1,16,True,True,True,,,3599.36,149656,0,,,
